v1;A1,ARG1,AUS1,BE1,BRA1,C1,COL1,DK1,ES1,FR1,GB1,GR1,IT1,JAP1,KR1,L1,MEX1,MLS1,NL1,NO1,PL1,PO1,RO1,RSK1,RU1,SA1,SC1,SE1,SER1,TR1,TS1,UKR1
10,35s
26,pa8
65,2rk
77,35s
80,pa8
109,8vn08w
123,pa8
132,sg
215,74
258,pa8
264,pa8
277,phc
299,8vn08w
325,8vn08w
332,pa8
410,pa8
411,pa8
447,pa8
488,sg
532,pa8
557,pa8
568,pa8
597,95mlmo
598,pa8
670,74
690,pa8
691,pa8
735,35s
755,8vn08w
773,e8
823,pa8
831,8vn08w
837,pa8
892,pa8
933,8vsmio
992,pa8
1073,pa8
1075,a0ao0
1083,1kw
1094,q2o
1095,pa8
1116,pa8
1126,pa8
1139,pa8
1144,pa8
1150,pa8
1161,35s
1197,3k
1277,pa8
1321,8vnpj4
1327,16o
1331,a0ao0
1335,pa8
1363,pa8
1368,13yebk
1381,pa8
1397,sg
1423,hs
1426,pa8
1428,pa8
1443,5mdc
1474,pa8
1496,pa8
1532,8
1560,5m9s
1565,pa8
1568,pa8
1572,e8
1573,sg
1586,pa8
1587,pa8
1613,1z4
1662,q2o
1667,pog
1684,pa8
1716,zik0zk
1725,3k
1726,6br4
1772,pa8
1784,pa8
1791,8vnpj4
1792,8vnpj4
1841,8vn08w
1896,8vn08w
1986,pa8
2050,a0cg0
2148,8vn08w
2150,pa8
2201,pa8
2219,pa8
2233,74
2309,9zlds
2334,pa8
2358,pa8
2421,pa8
2453,pa8
2514,q2o
2583,13ydj4
2587,8vn08w
2623,phc
2703,3k
2712,pa8
2726,18y68
2767,pa8
2805,pa8
2857,sg
2865,t8g
2874,2dc
2878,e8
2899,8vn08w
2904,35s
2923,phc
2926,sg0
2950,pa8
2953,q2o
2956,18y68
2963,zk
2998,sg
2999,13ydj4
3059,8vn08w
3098,3k
3109,sg
3114,pa8
3115,e8
3118,sg
3130,sg
3131,sg
3132,8vn08w
3139,e8
3146,sg
3156,sg
3160,sg
3163,sg
3165,8vn0n4
3170,5m9s
3172,74
3176,8
3179,13yebk
3182,3y8
3190,sg
3195,sg
3201,1kw
3202,13yebk
3205,9zlds
3216,8vn08w
3220,sg
3226,3y8
3235,sg
3251,13ydj4
3256,8vnpj4
3259,sg
3266,e8
3270,8vn11c
3273,sg
3276,sg
3291,sg
3292,13yeps
3296,sg
3297,sg
3306,sg
3310,13ydj4
3321,a57nk
3332,sg
3333,sg
3354,8
3356,sg
3357,sg
3366,3cw
3391,8vn08w
3395,5m9s
3397,sg
3404,sg
3405,sg
3406,sg
3411,18y68
3413,8vn08w
3417,35s
3428,35s
3441,pag
3447,3k
3455,4cg
3458,8vn08w
3461,sg
3466,3k
3467,sg
3473,sg
3476,sg
3480,18y68
3495,74
3507,35s
3515,5m9s
3525,e8
3530,pa8
3531,8vn08w
3534,1kw
3535,74
3539,1kw
3540,sg
3547,sg
3548,sg
3560,sg
3562,sg
3569,e8
3573,8vn08w
3575,e8
3580,13yebk
3583,13ydj4
3589,13ydj4
3597,sg
3614,sg
3620,sg
3630,sg
3634,sg
3640,sg
3666,sg
3682,sg
3692,sg
3698,9zlekg
3707,e8
3713,35s
3719,13ydj4
3730,9zm68
3753,1kw
3755,zk
3762,sg
3771,1l4
3775,sg
3785,sg
3788,sg
3791,sg
3807,sg
3816,pa8
3817,8vnpj4
3825,13ydj4
3838,sg
3851,pa8
3869,13ydj4
3875,13yebk
3876,sg
3878,sg
3881,sg
3890,e8
3900,1kw
3901,e8
3913,e8
3914,8vn08w
3924,8vn11c
3926,1kw
3942,pa8
3947,3k
3950,sg
3966,9zmkg
3975,8vnpj4
3978,zik0zk
3979,18ydc
3989,9zlds
3995,sg
4010,8vsmio
4015,3y8
4018,pa8
4042,5n28
4055,sg
4063,sg
4070,sg
4072,sg
4075,8vn11c
4086,1kw
4094,sg
4095,13yebk
4111,sg
4112,sg
4115,sg
4158,5m9s
4188,8wvyf4
4192,qdc
4205,sg
4208,pa8
4216,1dxyww
4217,1z4
4219,sg
4233,sg
4241,2dc
4248,8vnpq8
4251,13ydj4
4257,95mpkw
4267,sg
4276,3y8
4277,13yeio
4310,35s
4311,5qm8
4314,35s
4315,6ccg
4316,3k
4317,e8
4321,sg
4323,8
4327,5m9s
4334,5m9s
4337,3k
4338,5m9s
4344,5m9s
4351,3k
4357,6bk0
4359,5m9s
4360,6bk0
4361,3k
4371,74
4377,8
4380,8vsnb4
4383,8vn14w
4391,8vso3k
4403,3k
4408,5m9s
4410,5m9s
4415,5m9s
4424,5m9s
4425,5m9s
4429,5m9s
4451,5m9s
4456,5m9s
4487,5m9s
4489,1ekjk
4513,5m9s
4517,5m9s
4519,5m9s
4520,5m9s
4531,5m9s
4533,5m9s
4563,5m9s
4570,5m9s
4573,5m9s
4592,5n28
4607,6bk0
4624,282e4g
4634,5m9s
4672,8vnthc
4673,8vn3sw
4676,5m9s
4678,ztskjk
4687,pa8
4691,pa8
4698,1ekg0
4740,pa8
4742,8
4746,pa8
4750,13ydj4
4793,35s
4796,8vn1fk
4811,e8
4829,3k
4873,8vn08w
4902,8vn08w
5017,6eps
5023,3k0
5072,pa8
5169,191j4
5245,9zlds
5278,pa8
5281,e8
5283,268
5285,4cg
5286,e8
5293,16o
5299,e8
5300,e8
5303,e8
5308,8vn0n4
5309,e8
5315,1kw
5338,e8
5339,e8
5345,8vn0n4
5348,e8
5352,sg
5357,e8
5376,e8
5399,e8
5404,18ydc
5406,e8
5418,1kw
5422,35s
5430,e8
5431,e8
5438,1kw
5439,1kw
5444,e8
5451,e8
5457,e8
5461,8vn0n4
5470,8vn1ts
5474,e8
5477,e8
5486,3cw
5495,8vn0n4
5501,35s
5507,35s
5509,5jrvnk
5513,lc
5516,1kw
5518,18zr4
5521,e8
5539,e8
5543,e8
5544,e8
5562,18y68
5566,e8
5574,5m9s
5576,e8
5578,eg
5586,1kw
5588,5q8
5592,e8
5597,e8
5614,e8
5622,e8
5627,e8
5635,e8
5636,6bk0
5639,e8
5645,e8
5648,8vn0n4
5652,sg
5658,sg
5664,e8
5667,8vn0n4
5668,4cg
5672,e8
5676,e8
5680,e8
5688,1kw
5698,e8
5755,35s
5768,35s
5782,8vn0g0
5793,35s
5794,9zlkw
5812,35s
5817,35s
5818,35s
5825,3y8
5854,8vn3eo
5856,3cw
5858,35s
5868,35s
5870,13ygow
5873,35s
5878,35s
5879,e8
5880,3k0
5881,8
5889,35s
5890,35s
5892,3k
5893,35s
5896,35s
5908,35s
5917,e8
5922,35s
5925,35s
5928,35s
5936,35s
5938,35s
5942,e8
5946,35s
5947,35s
5948,35s
5957,191j4
5958,35s
5962,35s
5966,8vnsow
5967,8wvyf4
5970,35s
5974,35s
5976,35s
5980,35s
5986,35s
5993,35s
6012,35s
6020,35s
6026,35s
6031,35s
6033,35s
6043,35s
6046,35s
6053,8vn08w
6058,35s
6065,9zlds
6073,1kw
6075,35s
6076,35s
6087,18zr4
6090,35s
6097,35s
6106,sg
6107,sg
6118,8vn08w
6119,3r4
6150,sg
6157,35s
6160,35s
6176,9zlds
6233,35s
6234,35s
6237,pa8
6267,e8
6270,e8
6274,e8
6278,e8
6287,pa8
6288,8vnsow
6301,5nuo
6320,9zlds
6322,pa8
6403,5ma0
6427,35s
6438,4qo
6442,35s
6448,35s
6457,pa8
6585,8vn0g0
6590,8vn08w
6636,q2o
6645,pa8
6666,8
6710,sg
6717,35s
6721,191c0
6722,35s
6750,35s
6764,a57nk
6792,35s
6793,35s
6803,e8
6824,3k
6832,35s
6838,27wr9c
6852,74
6853,5m9s
6855,13yebk
6860,8vn08w
6861,8
6866,8vn08w
6871,9zlds
6873,8vn08w
6893,sg
6910,8vn08w
6911,8vn08w
6912,8vn08w
6915,8vn08w
6917,8vn08w
6934,8vn08w
6949,8vn08w
6970,eg
6980,e8
6986,e8
6994,8vn08w
7023,8vn08w
7025,8vn08w
7028,pag
7041,8vn08w
7043,8vn08w
7054,8vn08w
7063,8vn08w
7072,8vn08w
7079,8vn08w
7087,8vn08w
7088,8vn08w
7090,8vn08w
7093,35s
7096,35s
7101,35s
7109,35s
7110,8vn08w
7133,1kw
7152,8vn08w
7153,8vn08w
7161,pa8
7194,8vn08w
7237,8vn08w
7252,9zlds
7264,8vn08w
7309,8vn08w
7311,8vn08w
7319,8vn08w
7326,5m9s
7330,sg
7337,13yebk
7345,8vn08w
7346,8vn08w
7353,74
7358,pa8
7373,8vn08w
7394,8vn08w
7397,8vn08w
7401,8vn08w
7423,8vn08w
7427,pa8
7444,8vn08w
7445,8vn08w
7448,8
7449,8vn11c
7451,sg
7468,74
7476,phc
7480,74
7486,7c
7492,74
7499,35s
7501,74
7512,74
7519,74
7520,5j4
7528,1s0
7537,74
7542,74
7563,74
7568,74
7572,74
7575,74
7589,zs
7593,74
7594,74
7600,74
7602,e8
7607,74
7611,4xs
7612,74
7629,1kw
7631,74
7633,9zlds
7642,35s
7663,3cw
7668,74
7669,74
7682,1kw
7717,74
7723,74
7737,1kw
7739,74
7763,74
7767,45c
7776,1kw
7781,8vn0g0
7782,74
7784,8
7795,1kw
7797,35s
7803,74
7818,74
7821,1kw
7825,tfk
7828,74
7841,74
7844,8
7858,sg
7867,74
7874,74
7881,74
7899,74
7901,74
7914,8vn0g0
7922,74
7923,74
7930,13ydj4
7937,8vn08w
7945,74
7949,5m9s
7970,5mdc
7971,pog
7978,1kw
7980,74
7983,74
7985,74
7989,74
8006,8
8019,74
8060,8vn2f4
8073,8vn08w
8108,74
8163,74
8176,74
8184,7c
8187,1kw
8188,sg
8198,45c
8206,35s
8207,35s
8317,pa8
8323,74
8399,8vn08w
8421,3k
8480,zik0zk
8487,8vn08w
8491,8vn08w
8538,74
8548,8vn08w
8552,8vn11c
8559,8vn08w
8640,pa8
8669,zik0zk
8680,8vn08w
8689,8vn08w
8691,8vn08w
8706,8vn08w
8709,8vn08w
8730,1s0
8746,74
8806,1ds
8883,8vn11c
8885,3k0
9091,3cw
9161,13ydj4
9218,sg
9239,e8
9335,18zk0
9339,8vn08w
9340,13z5z4
9354,pa8
9369,zsjny8
9413,8wvz7k
9422,9zlekg
9500,13yebk
9501,13ydj4
9506,13ydj4
9508,sg
9509,13ydj4
9524,13ydj4
9543,pa8
9593,8
9594,so
9596,8
9602,5nuw
9604,8
9616,13ydj4
9618,13ydj4
9619,zk
9621,8vn08w
9638,8
9643,8
9644,9zlds
9645,b8jk0
9646,9zlds
9647,8
9659,eg
9665,8
9667,8
9684,1kw
9688,zik0zk
9696,1kw
9697,pa8
9698,1kw
9706,pa8
9707,1kw
9711,74
9737,1kw
9743,1kw
9761,1kw
9775,zik0zk
9786,9zlds
9794,zik0zk
9796,zsjmdc
9798,zik0zk
9800,18e718g
9813,8vn11c
9819,18zy8
9824,95nfnk
9828,lc
9830,18y68
9832,sg
9836,1kw
9841,1kw
9847,1kw
9849,1kw
9850,4qo
9852,1kw
9871,1kw
9915,95mosg
9934,9zlds
9956,13yebk
9966,sg
9967,8vn3eo
9975,sg
9988,sg
10003,sg
10118,8vn08w
10121,8vn08w
10139,8vn08w
10143,8vn08w
10152,8vn08w
10183,1l4
10250,pa8
10254,5nuo
10255,35s
10288,zik0zk
10289,74
10471,8vnpxc
10503,q2o
10504,8vn08w
10642,sg
10885,pa8
11111,zk
11268,pa8
11360,13ydj4
11365,13yebk
11530,8vn0u8
11680,sg
11757,b8n4
11765,pa8
12028,e8
12029,eg
12093,e8
12096,e8
12098,13ydj4
12101,e8
12106,8vnpxc
12112,191c0
12124,13yebk
12125,sg
12127,sg
12134,e8
12142,su8
12149,3k0
12249,3cw
12275,e8
12282,6cjk
12351,191j4
12379,e8
12384,sg
12386,e8
12387,8vn0n4
12398,13ydj4
12401,sg
12502,e8
12503,e8
12508,e8
12515,1z4
12516,sg
12517,74
12518,4qw
12563,8vn3eo
12570,13ydj4
12589,13ydj4
12610,13ydj4
12628,sg
12638,13ydj4
12654,13ydj4
12673,13ydj4
12682,13ydj4
12688,13ydj4
12691,sg
12693,sg
12703,13yebk
12704,13yebk
12709,sg
12729,13ydj4
12746,13ydj4
12763,13yebk
12765,13ydj4
12769,13ydj4
12773,13ydj4
12802,13ydj4
12804,13ydj4
12807,13ydj4
12812,13ydj4
12814,sg
12817,13ydj4
12864,pa8
12872,1kw
12873,1kw
12883,9zlfcw
12900,1kw
12906,3r4
12907,35s
12908,8
12912,5m9s
12957,e8
12974,8
12979,8vn1ts
13001,8
13021,13ydjc
13023,pag
13028,zik0zs
13038,phc
13041,8
13047,8
13048,5m9s
13049,8
13058,8vn08w
13061,8
13063,5ma0
13073,8
13078,8
13087,8
13090,8
13091,2dc
13099,8
13103,8vn094
13111,8
13113,zik0zk
13114,5m9s
13121,a9l3wg
13122,18y68
13147,18y68
13150,18y68
13168,8vn11c
13175,18y68
13213,18y68
13216,18y68
13217,8wwnwg
13222,18y68
13230,18y68
13239,sg
13258,5ny8
13271,8
13283,5ma0
13286,8
13292,8
13326,18y68
13368,8
13371,8
13372,8
13389,8vn08w
13412,sg
13426,sg
13427,sg
13431,13ydj4
13443,sg
13460,sg
13465,sg
13483,8
13507,sg
13520,sg
13543,13ydj4
13561,13ydj4
13572,sg
13573,sg
13582,sg
13583,13yebk
13616,sg
13640,sg
13683,sg
13686,pa8
13743,5ma0
13748,1kw
13749,35s
13783,1kw
13796,sg
13799,13ydj4
13823,18y68
13829,zk
13831,zik0zk
13845,1kw
13849,1kw
13862,8wvyf4
13867,18y68
13872,74
13902,8
13952,18y68
13957,18y68
13972,19atc
13979,q2o
14007,sg
14013,sg
14031,sg
14041,sg
14047,sg
14066,sg
14081,sg
14086,3y8
14098,18y68
14118,9zlds
14119,b8jk0
14124,5m9s
14127,18y68
14132,8wvym8
14149,18y68
14151,8vn08w
14178,sg
14192,18ydc
14195,18y68
14219,a0ao0
14221,8vn11c
14240,18y68
14244,74
14259,zk
14270,1kw
14274,18y68
14282,18y68
14309,18y68
14331,18y68
14334,pa8
14342,74
14349,18y68
14365,18y68
14511,18y68
14514,8vn08w
14515,18y68
14520,1kw
14533,pa8
14535,74
14542,4ftjpc
14551,1em0w
14555,8vn11c
14574,13ydj4
14641,13ydj4
14746,13yebk
14768,13ydj4
14792,13yebk
14856,pa8
14879,3k
14882,8vnpj4
14927,zik0zk
14933,8
14934,zik0zk
14937,9zlkw
14939,zik0zk
14940,zik3k0
14942,zik45c
14944,a0ao0
14945,zik0zk
14948,1z4
14949,e8
14951,e8
14960,3k
14962,3k
14963,3k
14971,3k
14974,pa8
15008,9zlds
15018,9zle0
15033,zik0zk
15039,3k
15045,6bns
15052,pds
15055,3k
15067,zik0zk
15069,95mlmo
15071,9zlds
15072,9zlds
15074,9zm68
15075,9zlds
15076,9zlds
15077,9zlds
15083,9zlds
15102,9zlds
15112,9zlds
15117,9zlds
15118,3k
15128,3k
15131,4g
15135,3k
15153,1kw
15164,sg
15166,sg
15185,8vn474
15209,3k
15216,8
15220,sg
15243,3k
15250,3k
15260,9zlds
15275,e8
15300,pa8
15338,8
15342,35s
15362,9zlds
15363,9zlds
15368,9zlds
15373,9zlds
15378,9zm68
15379,a57nk
15381,9zlds
15404,1kw
15420,3k0
15427,1kw
15432,1kw
15452,3cw
15454,8vn08w
15461,1s0
15463,zik0zk
15472,3k
15486,pa8
15500,74
15511,8vn3eo
15567,eg
15568,zik2rk
15569,9zlds
15570,9zlds
15583,9zlds
15590,9zlds
15591,9zlds
15593,zsjmdc
15595,9zlds
15596,zik0zk
15597,9zlds
15647,9zlds
15650,9zlds
15670,9zlds
15673,9zlds
15676,8vn08w
15680,9zlds
15693,74
15715,74
15717,1l4
15730,9zlds
15743,9zlds
15747,9zlds
15760,6e4g
15761,74
15762,8vn08w
15764,74
15765,3k
15773,sg
15790,74
15796,9zlds
15798,1l4
15799,zk
15804,74
15808,lc
15821,8vn08w
15843,9zle0
15844,eg
15872,9zlds
15881,9zlds
15888,35s
15894,5m9s
15904,45c
15907,9zlds
15921,sg
15929,sg
15951,3r4
15952,74
15955,74
15956,zk
15961,3k
15974,74
15980,74
15981,35s
15983,74
16058,8vn08w
16064,8vn08w
16095,9zlds
16101,8vsmio
16117,35s
16118,1kw
16120,5pfk
16124,74
16135,8vsni8
16136,pog
16137,35s
16152,13ydj4
16252,18y68
16306,zk
16311,pa8
16315,phc
16335,8vn08w
16353,8vn0n4
16394,1kw
16402,8vn0gw
16408,5q8
16417,1kw
16444,1l4
16458,1s0
16474,pa8
16498,pa8
16499,8vn08w
16519,1dxyww
16520,pa8
16529,1kw
16531,1kw
16535,1kw
16565,pa8
16576,sg
16589,8vn08w
16591,e8
16595,74
16597,1kw
16599,1kw
16617,8
16624,pa8
16631,35s
16633,35s
16634,1kw
16635,74
16649,a0ao0
16651,3cw
16675,3k
16682,1kw
16690,9zlds
16693,8vn08w
16698,8vn08w
16716,sg
16726,phc
16731,5pfk
16743,pa8
16744,4qo
16746,10mifb4
16756,9zlds
16760,9zlds
16791,95mlmo
16810,35s
16816,8vn08w
16828,35s
16831,pa8
16833,8vnpq8
16843,pa8
16868,35s
16870,35s
16873,35s
16888,35s
16891,35s
16893,3cw
16902,35s
16911,13yeq0
16913,5nuo
16922,8vnsw0
16947,so
16955,8vn08w
16956,pa8
16968,pa8
16993,8vn3sw
17025,pa8
17029,qv4
17057,5m9s
17123,8vn08w
17127,35s
17129,3cw
17130,35s
17140,8vn08w
17171,35s
17179,e8
17184,8vn08w
17206,zik0zk
17217,1kw
17220,1kw
17228,zik2kg
17244,e8
17249,35s
17259,pa8
17273,sg
17292,18y68
17328,18y68
17348,e8
17352,18y68
17370,18y68
17374,18y68
17386,8vn08w
17396,45c
17422,e8
17432,e8
17441,e8
17465,8vn08w
17491,74
17555,191j4
17592,18y68
17675,e8
17689,pa8
17693,e8
17735,35s
17749,9zlds
17804,q2w
17872,8vn08w
17879,1kw
17880,5myo
17885,pa8
17930,8
17965,16o
18006,ao
18019,5m9s
18021,6bk0
18036,e8
18091,zik1z4
18093,9zle68
18100,pds
18224,3k
18227,sg
18298,e8
18301,3y8
18310,16o
18324,sg
18331,pa8
18379,pa8
18397,1z4
18416,7c
18429,1kw
18445,zik1ds
18502,13ydj4
18532,8
18537,8vn08w
18542,1z4
18543,e8
18547,8vn08w
18592,18y68
18644,8vn18g
18646,8vn0cg
18759,5ma0
18807,8
18828,8vn0n4
18829,95mm4g
18833,pa8
18860,zik1ds
18870,1kw
18871,sg
18878,18y68
18894,e8
18900,1ds
18901,e8
18909,pog
18912,e8
18918,pa8
18922,74
18927,1kw
18929,1kw
18934,3k0
18935,8vn18o
18940,8vn0nc
18944,74
18947,1kw
18949,8
18952,8
18955,e8
18958,1s0
19041,8vn474
19045,e8
19057,5o1s
19058,3k
19059,q2o
19061,5m9s
19081,8vn08w
19083,39c
19085,sg
19087,a57ns
19104,3cw
19108,9zle0
19112,pa8
19136,35s
19138,1kw
19139,eg
19182,35s
19286,4qo
19305,pa8
19312,8
19319,5m9s
19325,5m9s
19354,pa8
19363,8
19368,sg
19375,18y68
19385,pa8
19409,5m9s
19435,35s
19437,35s
19438,35s
19442,35s
19446,35s
19447,3cw
19450,1kw
19548,pa8
19619,18e718g
19636,4xs
19641,sg
19693,8
19694,35s
19702,zik0zk
19708,35s
19712,9zlds
19715,1kw
19719,1kw
19721,zik1s0
19726,3y8
19819,zikq9s
19857,1kw
19917,5m9s
19946,35s
19948,zk
19953,8vn08w
19979,74
19981,74
19987,1kw
19998,35s
20003,360
20005,zik4cg
20007,sg
20081,19nuo
20124,1kw
20137,18e74lc
20232,9zlds
20276,pa8
20296,8
20313,hs
20346,8vn0g0
20351,8vsmio
20362,5ma0
20378,35s
20386,18y68
20394,8wvyf4
20410,e8
20444,pa8
20463,e8
20506,6br4
20586,5q80
20587,9zle0
20622,e8
20623,8ww000
20714,so
20726,35s
20730,35s
20778,pa8
20838,3k
20844,3k
20848,3k
20852,3s
20853,3k
20857,3k
20861,3k
20903,8vn2m8
20905,1kw
20913,35s
20920,35s
20941,35s
20975,sg
20980,13ydj4
21039,pa8
21042,8vnpj4
21060,pa8
21086,8vn08w
21101,pa8
21108,8vn08w
21151,35s
21175,pa8
21227,pa8
21245,8vn08w
21297,1s0
21306,13ydj4
21327,q2o
21333,1dxzpc
21334,13ydj4
21338,9zlhc
21354,8ww1kw
21369,8vn0g0
21370,8vn08w
21398,5m9s
21419,13ydj4
21480,8vn08w
21488,8vn08w
21490,5pmo
21496,sg
21522,8vn08w
21590,6bk0
21666,8
21690,35s
21696,35s
21701,35s
21725,zk
21726,pa8
21748,8vn3ls
21750,9zlds
21752,35s
21756,35s
21763,35s
21769,35s
21770,35s
21779,35s
21780,35s
21782,35s
21829,35s
21859,35s
21861,35s
21863,3y8
21872,35s
21876,35s
21887,35s
21891,35s
21905,t8g
21913,35s
21935,35s
21942,35s
21954,35s
21955,35s
21972,sg0
21988,35s
22053,e8
22067,8
22068,sg0
22093,35s
22102,35s
22109,8vn08w
22123,35s
22131,35s
22139,35s
22140,35s
22141,35s
22149,360
22165,sg
22169,3k
22176,3k
22186,35s
22202,35s
22203,3y8
22210,35s
22249,35s
22268,35s
22318,35s
22320,35s
22328,35s
22338,eg
22339,5ma0
22348,8
22377,eg
22378,zik2kg
22382,8vn08w
22386,e8
22388,8vn1fk
22390,e8
22395,e8
22396,e8
22412,18yyo
22459,3k
22467,3k
22474,3k
22479,3k
22487,3k
22489,3k
22491,sg
22499,3k
22501,5mdc
22515,3k
22516,3k
22519,3k
22542,qv4
22546,18y68
22550,74
22555,18y68
22568,1s0
22586,1s0
22594,35s
22598,35s
22614,13yebk
22627,8
22628,3k0
22630,e8
22632,e8
22635,e8
22636,e8
22642,e8
22645,e8
22673,35s
22686,35s
22723,18y68
22728,13ydj4
22741,8vn08w
22746,9zlds
22753,8
22785,18y68
22801,sg
22810,1kw
22820,e8
22831,3k
22832,w0
22837,pa8
22851,3k
22853,3s
22860,hs
22877,8
22896,3k
22923,3k
22931,3k
22943,1kw
22948,35s
22952,8vn08w
22969,74
22972,1kw
22995,3k
23086,13ydmo
23097,5pj4
23102,74
23111,3k
23163,35s
23197,3y8
23201,3k
23218,zk
23247,74
23270,18y68
23284,35s
23287,74
23306,74
23307,18y68
23338,74
23345,35s
23365,35s
23379,zik0zk
23389,27wr5s
23443,zik0zk
23463,3k
23492,5mdc
23538,3k
23553,8vtbsw
23592,3k
23674,8vn08w
23825,8vn1fk
23888,8vn0n4
23890,e8
23897,e8
23898,e8
23914,9zlz4
23918,e8
23934,e8
23938,e8
23951,16o
23952,e8
23955,e8
23960,e8
23966,8vn0g8
23974,18ykg
23976,eg
23989,3k
23996,9zle0
24000,zik0zk
24001,35s
24004,zik0zk
24006,zik0zk
24008,zik2kg
24010,zik0zk
24026,zik0zk
24032,zik0zk
24043,zik0zk
24049,1h9u1hc
24054,zik0zk
24057,3k
24061,zik0zk
24081,3s
24105,e8
24112,pa8
24113,3k
24116,9zlds
24131,9zle0
24155,pa8
24180,8vn11c
24202,18zr4
24237,9zlds
24282,3k
24284,4qo
24305,35s
24316,8vn3eo
24337,8vn1ts
24379,8vn08w
24404,3k
24458,8
24459,e8
24465,1kw
24480,8vspog
24484,8
24498,5m9s
24502,74
24567,1kw
24589,sg
24606,35s
24609,8
24633,zik0zk
24634,sg
24635,13ydj4
24636,sg
24637,13ydj4
24654,9zlds
24661,3k0
24700,18ykg
24709,18y68
24819,5m9s
24846,18y68
24856,pa8
24862,13yebk
24877,so
24880,zjsz5s
24912,9zlds
24946,18y68
24975,1kw
24976,zik0zk
24977,4qo
24984,9zlds
24986,9zlds
25001,9zlds
25023,9zlds
25035,9zlds
25036,9zlds
25060,9zlds
25101,18y68
25106,18ydc
25110,8vn08w
25113,e8
25115,e8
25118,5m9s
25211,18y68
25236,18y68
25248,sg
25316,74
25318,35s
25319,74
25366,sg
25368,1kw
25395,1kw
25398,18y68
25411,74
25412,74
25427,6ccg
25441,so0
25461,74
25468,pa8
25488,35s
25508,8vn400
25520,5m9s
25523,5n28
25542,sg
25553,sg
25557,lc
25617,18zy8
25618,zik0zk
25684,1kw
25719,1kw
25721,8vn1u0
25727,pa8
25732,zik2kg
25734,zsjmdc
25737,9zlds
25740,9zlds
25742,sg
25750,3k
25758,zik1ds
25780,18e718g
25785,pa8
25807,5m9s
25812,a0av4
25820,zik0zk
25823,zsjmdc
25825,18y68
25834,13yebk
25845,zik0zk
25850,9zlds
25856,9zlds
25889,9zlds
25911,9zlds
25916,9zlds
25918,9zlds
25921,9zlds
25933,1kw
25942,8vn0g0
26014,8vn08w
26063,pa8
26065,74
26066,zk
26082,9zlds
26099,18zr4
26101,8vn08w
26105,35s
26148,74
26153,9zlds
26199,74
26200,zik2kg
26239,18y68
26244,18y68
26263,35s
26267,zik1s0
26276,sg
26336,8
26357,9zlds
26373,74
26399,sg
26407,hs
26432,8vn08w
26443,zk
26456,3y8
26460,8vn08w
26462,9zlds
26485,su8
26486,6bk0
26562,1kw
26574,1s0
26582,1kw
26591,9zlds
26633,sg
26669,t8g
26683,9zlds
26721,8vn3ew
26741,1kw
26751,b8nc
26763,16o
26764,3y8
26771,9zlds
26774,3k
26797,8
26801,74
26802,8vn08w
26876,1kw
26878,pa8
26898,hra0hs
26936,8vn08w
26946,sg
27019,9zlds
27108,zik0zk
27114,sg
27178,18y6g
27236,zik0zk
27239,13zmiv4
27244,1kw
27245,18e718o
27292,8vn24g
27300,191qg
27303,18y68
27304,5m9s
27305,e8
27306,16o
27307,e8
27346,18y68
27349,18y68
27369,18y68
27374,18ydc
27378,zik0zk
27389,lc
27394,9zmdc
27448,74
27453,74
27470,8vn1mo
27471,191c8
27486,zk
27487,74
27488,1kw
27490,e8
27491,a57nk
27493,74
27494,1kw
27505,sg
27510,13ydj4
27511,sg
27539,8vn08w
27554,35s
27565,3k
27577,sg
27583,1kw
27611,pa8
27612,3k
27614,sg
27644,3k
27659,sg
27661,e8
27667,8vn1ts
27683,74
27706,9zlds
27800,pa8
27805,8vtclc
27807,35s
27861,8vn08w
27862,3k
27900,pa8
27924,74
27941,e8
27954,zsjz0g
27969,13ydj4
27986,9zlds
27992,3cw
28002,74
28003,2tq8
28004,1kw
28005,3cw
28020,35s
28021,35s
28022,35s
28026,35s
28031,35s
28124,8vn08w
28140,8vn1fk
28163,pa8
28171,74
28179,zik0zk
28186,zik0zk
28245,sg
28252,8vnpj4
28260,zk
28261,9zmdc
28283,8vn08w
28285,zk
28306,e8
28307,e8
28318,8vn0g0
28328,e8
28335,e8
28336,sg
28356,e8
28393,5m9s
28396,8vn474
28436,1kw
28456,8
28463,18zr4
28481,8vn08w
28490,1kw
28511,e8
28643,1kw
28683,pa8
28698,8vn08w
28705,e8
28719,9zlfcw
28753,1kw
28775,8vn08w
28809,13ydj4
28810,sg
28815,5m9s
28818,35s
28827,35s
28833,35s
28841,35s
28845,e8
28850,1kw
28851,35s
28855,35s
28862,35s
28868,35s
28878,sg
28890,1l4
28891,18y68
28922,18e718g
28935,35s
28936,35s
28937,9zlds
28947,pa8
28953,13ydj4
28964,zik0zk
28973,13yebk
28984,8vn474
28987,eg
28990,13yebk
28992,8vn08w
29006,13ydj4
29016,9znr4
29023,13ydj4
29035,35s
29039,18zr4
29051,74
29055,zk
29056,9zlds
29061,74
29065,74
29073,1kw
29091,16o
29104,1kw
29122,phc
29124,74
29152,sg
29158,sg
29159,sg
29170,74
29178,74
29187,74
29193,1s0
29208,35s
29213,9zojk
29220,8vnpjc
29237,4ftibk
29241,18zdc
29246,9zlds
29260,35s
29262,8vn08w
29280,e8
29311,3k0
29316,35s
29351,e8
29354,13ydj4
29356,sg
29364,18zcw
29366,8wvyf4
29377,35s
29386,8vn08w
29387,8vn08w
29390,1og
29401,sn4
29411,8vn08w
29412,8vn08w
29424,35s
29434,16o
29456,5m9t
29494,8vn08w
29559,191xk
29594,5q80
29604,35s
29605,35s
29622,8vn08w
29627,8vn08w
29631,8vn08w
29642,8vn08w
29672,8vn08w
29678,8vn08w
29692,sg
29712,sg
29819,8vn08w
29835,sg0
29855,8
29865,pa8
29894,8
29903,5m9s
29962,35s
29974,sg
29975,sg
29977,3k
29993,pa8
29997,pa8
30003,5m9s
30059,pa8
30070,pa8
30097,74
30290,5ma0
30304,8vn08w
30308,a0ao0
30321,lc
30332,35s
30333,35s
30338,13ydj4
30365,1kw
30379,2dc
30386,8vn08w
30391,9zlds
30418,a0c8w
30428,1kw
30431,8vn08w
30436,1l4
30456,sg
30471,sg
30476,8vn08w
30505,35s
30543,18y68
30553,8
30584,3cw
30585,5m9s
30593,35s
30617,5m9s
30638,35s
30666,8vn0g0
30667,5m9s
30668,143zsw
30670,5n28
30671,8
30677,1erk
30687,35s
30690,4cg
30694,zik0zk
30697,5n28
30698,e8
30700,3k
30710,95mlmo
30732,zik0zk
30739,8vn11c
30741,5m9s
30747,74
30749,74
30757,8vn0n4
30758,e8
30767,35s
30782,35s
30802,74
30803,zik0zk
30825,zik1ds
30834,1kw
30846,8vn0g0
30853,35s
30873,35s
30882,35s
30929,74
30942,pa8
30982,74
31003,18y68
31007,pa8
31025,5m9s
31027,18y68
31041,pa8
31050,74
31067,6h34
31068,9zlds
31095,8vnqbk
31101,e8
31109,18y68
31131,5ma0
31159,pa8
31169,pa8
31173,pa8
31182,8vnpjc
31208,e8
31216,pa8
31218,pa8
31312,13yebk
31316,8ww2dc
31336,8vn08w
31348,zik2kg
31451,pa8
31453,5m9s
31493,3l
31514,q2o
31535,6cco
31552,13yebk
31553,sg
31570,pa8
31579,sg
31599,pa8
31642,sg
31645,3y8
31653,pa8
31720,sg
31773,8vn0n4
31776,zipqmg
31835,sg
31864,pa8
31867,8vn08w
31868,a0ao0
31880,5m9s
31909,phc
31910,pa8
31952,1zc
32029,5ma0
32113,35s
32207,pa8
32213,pog
32233,8
32273,13z2tc
32380,8vn08w
32441,8vn08w
32467,74
32522,zk
32568,74
32611,8vn08w
32617,3y8
32618,pa8
32622,95mlts
32711,pa8
32779,pa8
32806,1kw
32816,35s
32844,8vn08w
32845,pa8
32860,9zlds
32941,8vn08w
32966,35s
33027,5n28
33031,13yf40
33042,4qo
33046,3y8
33078,pa8
33108,5m9s
33195,1dxzpc
33210,6br4
33218,35s
33249,sg
33314,8
33315,zik0zk
33337,e8
33343,eg
33349,35s
33357,3cw
33362,1kw
33440,8
33442,35s
33447,e8
33448,3cw
33465,8vn0n4
33478,sg
33480,1l4
33481,8vn5s0
33484,sg
33491,3k
33507,sg
33535,74
33537,18y68
33544,sg
33569,8vn08w
33570,8vn08w
33571,35s
33572,e8
33639,8ww3yg
33647,1kw
33648,18yrk
33668,8vn08w
33671,5m9s
33706,8ww2kg
33709,8
33710,18y68
33713,sg
33729,pa8
33735,18y68
33739,18y68
33754,sg
33763,35s
33781,1a8
33783,sg
33785,sg
33789,8vn08w
33791,8vn08w
33793,8vn08w
33794,8vn08w
33796,8vn08w
33797,8vn08w
33809,8vn08w
33820,8vn08w
33822,sg
33829,18zcw
33831,3quww
33847,e8
33848,8
33862,8wvyfc
33866,18yyw
33868,8
33870,8
33873,3y8
33894,9zle0
33905,e8
33907,e8
33914,e8
33921,1kw
33923,3k0
33925,e8
33927,e8
33935,e8
33942,e8
33947,qv4
33950,1kw
33951,2dc
33952,8vn11c
33953,8vn0nc
33958,8vn08w
33963,sg
34006,18y68
34007,18y68
34024,18y68
34026,e8
34029,18y68
34077,18y68
34097,18y68
34116,3k
34129,5m9s
34130,sg
34158,8
34159,8x1xc0
34160,e8
34161,8vn08w
34171,8vn08w
34186,zik2kg
34193,1kw
34198,35s
34206,1kw
34211,35s
34226,1l4
34232,pa8
34237,3k
34239,35s
34281,1kw
34283,4qo
34285,qv4
34289,1kw
34322,ruo
34324,1kw
34334,35s
34336,35s
34344,35s
34349,sg
34357,3k
34361,e8
34370,3cw
34372,8vn0n4
34377,3k
34382,5ma0
34390,zik0zk
34393,9zlds
34395,18y68
34396,9zlds
34400,4ftjpc
34405,zik0zk
34409,13yebk
34412,8vn08w
34421,95mlmo
34453,8vn3eo
34495,8vn0g8
34512,9zlds
34527,qmxq0w
34529,e8
34531,8vn08w
34532,e8
34534,8
34542,i1ab6o
34543,pa8
34553,35s
34557,tc0
34559,sg
34561,8vnssg
34564,74
34572,sg0
34579,pa8
34593,95naww
34601,74
34643,9zlds
34672,sg
34691,sg
34706,18zr4
34753,8vn08w
34756,1kw
34758,e8
34768,8
34771,zik0zk
34783,pa8
34784,5pfk
34785,5m9s
34787,pa8
34809,8
34838,sg
34839,1kw
34870,8vn18g
34909,35s
34929,9zlds
34944,8x1ngg
34986,8vn08w
34987,8vsmww
34991,8
35004,95mlmo
35026,8vn08w
35029,8vn08w
35035,zk
35047,b991c
35075,am2gw
35099,13yeps
35183,pa8
35193,sg
35207,pa8
35208,pa8
35242,8wvym8
35245,zik0zk
35247,qv4
35249,8vn47c
35251,8vn5zc
35252,8vn08w
35259,zik0zk
35265,8vn08w
35275,8vn08w
35278,8vn08w
35383,pa8
35413,sg
35416,sg
35435,zik0zk
35448,74
35462,74
35491,35s
35493,pa8
35512,74
35513,18y68
35515,74
35518,zk
35527,5m9s
35529,5nuo
35530,8vn08w
35532,74
35536,74
35537,8vn3eo
35539,74
35540,74
35541,74
35546,74
35548,zk
35554,18y68
35560,74
35562,74
35564,45c
35571,sg
35579,1kw
35587,13yf40
35600,74
35607,zik0zk
35631,95mlmo
35640,18y68
35641,13yf40
35645,hra3r4
35664,8vn18g
35703,3cw
35711,18y68
35733,35s
35743,35s
35747,35s
35748,e8
35761,13ydmo
35763,qmx0qo
35773,74
35805,35s
35813,8
35852,a0dts
35853,35s
35855,8vn11c
35865,35s
35871,zjt2io
35872,8vnr40
35884,8vn1ts
35892,9zmyo
35908,zik0zk
35934,a0dts
35939,b8jr4
35964,9zlds
35989,9zlds
36025,13ydjc
36039,e8
36040,9zlds
36045,8
36080,1ekg0
36107,1kw
36109,zik2kg
36119,1kw
36139,8vsnb4
36149,zik0zk
36180,9zlds
36182,8vnpj4
36200,8vn08w
36207,pa8
36212,9zlds
36233,a58g0
36235,zsjmdc
36237,18y9s
36238,zik0zk
36255,pa8
36262,8vn0cg
36284,pa8
36291,2rk
36293,3k8
36294,e8
36298,9zlds
36350,b8kjk
36356,3cw
36364,zsjmdc
36371,zik4cg
36391,5m9s
36423,1kw
36478,8vn08w
36500,5ngg
36524,13ydj4
36529,13yebk
36586,8
36602,13ydj4
36608,13yebk
36657,13ydj4
36661,8vn08w
36688,9zmyo
36689,1kw
36732,zik0zk
36756,13ydq8
36785,3k
36787,q68
36802,9zr01s
36812,9zlds
36813,8vn08w
36814,sg
36821,chhq8
36827,9zm68
36830,1kw
36845,1kw
36861,sg
36866,sg
36877,8vn094
36881,9zls0
36884,9zlekg
36903,9zlds
36914,pa8
36923,18y68
36934,zik0zk
36939,sg
37011,sg
37013,pag
37058,pa8
37080,5m9s
37091,8vn08w
37095,8vn08w
37124,35s
37148,sg
37152,sg
37157,8vn1fk
37171,sg
37216,8vnpj4
37217,5m9s
37221,5mdk
37247,a0av4
37278,4qo
37287,qv4
37295,35s
37303,zik0zk
37304,sg
37337,45c
37340,1kw
37363,5n28
37388,18yrk
37389,1924g
37397,5q8
37398,8ww000
37399,74
37403,2kg
37414,zjsz5s
37418,35s
37428,13ydj4
37442,sg
37460,e8
37501,74
37516,e8
37517,13ydj4
37526,sg
37549,9zlds
37579,45c
37598,35s
37633,35s
37635,3k
37647,16o
37666,sn4
37677,13ydj4
37712,18z5s
37713,8vn08w
37722,8vn08w
37735,8vn08w
37736,8vn08w
37760,e8
37787,8vn11c
37788,pog
37795,1l4
37834,9zoqo
37835,1z4
37837,8vn08w
37838,9zo5c
37839,8vn08w
37852,e8
37857,8
37873,8vn08w
37875,1kw
37889,35s
37892,74
37896,sg
37899,8vn08w
37906,74
37917,74
37918,35s
37920,8vn1fk
37933,9zlds
37934,8vn11c
37941,3y8
37944,8vn08w
37947,18y68
37949,8vn08w
37950,18y68
37957,13yebk
37966,e8
37977,8vnpj4
37981,q2o
38000,8vnpjc
38003,a58g8
38005,9zlds
38073,27wruo
38091,13ydj4
38094,sg
38100,pa8
38124,74
38145,sg
38163,3k
38178,8vn08w
38195,8vn08w
38253,phc
38266,pa8
38267,qv4
38270,9zn5s
38283,8vn08w
38297,zik0zk
38305,9zmyo
38339,8vn08w
38340,9zlds
38346,6bk0
38356,8
38360,8vnpxc
38383,q2o
38388,2dk
38410,pa8
38414,8vn0g8
38415,pa8
38434,6bk0
38440,pa8
38473,e8
38497,18ecoao
38536,e8
38539,9zlds
38582,35s
38584,35s
38591,35s
38592,35s
38593,8vn3eo
38602,35s
38607,35s
38681,9zlds
38682,9zlds
38746,8wa874
38768,95mlmo
38780,8wvyf4
38782,9zlds
38799,9zlds
38801,9zlds
38802,9zlds
38805,9zlds
38810,9zlds
38817,74
38824,35s
38870,9zmyo
38954,74
38963,5ma0
38978,eg
39003,1kw
39004,74
39010,sg
39015,q2o
39020,a0dts
39025,pa8
39033,13ydj4
39037,sg
39049,sg
39073,8vn0n4
39083,8
39087,74
39090,35s
39094,pa8
39099,35s
39102,8vnpj4
39106,pa8
39114,e8
39118,35s
39125,9zlqm8
39151,74
39152,8vn1mo
39153,45c
39174,e8
39185,9zlds
39194,8vn08w
39198,pa8
39247,8vnpj4
39253,zsjmdc
39256,4qo
39259,pa8
39280,9zlds
39306,pa8
39316,18e718g
39333,8vn08w
39372,q2o
39378,5n28
39381,zk
39426,pa8
39467,3k
39471,sg
39475,8
39518,sg
39522,5ma0
39524,5mdc
39532,sg
39564,8vn08w
39642,1el8g
39665,96eqkg
39679,sg
39690,35s
39705,13yebk
39717,pog
39724,8vnpj4
39728,sg0
39732,pa8
39743,pa8
39783,74
39784,8ww074
39799,zik45c
39827,13yebk
39828,35s
39831,4qo
39883,16o
39897,pds
39906,e8
39907,74
39908,sg
39909,16o
39910,e8
39912,8vn08w
39913,e8
39914,e8
39917,3k0
39918,e8
39924,e8
39928,8
39932,18y68
39983,8vnsow
39996,zik0zk
40014,1z4
40043,sg
40059,8vn08w
40064,1kw
40074,pa8
40204,13yhhc
40205,8vn11c
40254,9zlds
40370,8
40372,35s
40421,8
40423,zk
40428,3cw
40429,q2o
40433,4jk
40436,6bk0
40442,74
40446,8vn0n4
40478,95nax4
40500,8vn08w
40567,13yebk
40605,pa8
40608,zik0zk
40611,sg
40612,sg
40613,sg
40614,sg
40617,5m9s
40633,1534
40660,35s
40680,pa8
40687,95mnls
40688,e8
40790,35s
40792,pa8
40795,1kw
40822,3y8
40858,8wvyf4
40888,74
40928,eg
40937,pa8
40975,e8
40995,8vnpxc
41023,pa8
41037,zsjmdc
41063,e8
41100,8
41102,8
41112,5j4
41128,8
41191,3k
41208,18y6g
41234,18ydc
41242,13ygao
41261,8vn0nc
41281,9zlkw
41311,35s
41323,pa8
41328,b8n4
41335,5m9s
41355,1elts
41362,zik0zk
41369,qv4
41384,4fubcw
41414,3y8
41416,sg
41426,8vn08w
41458,pa8
41507,pa8
41511,5m9s
41541,phc
41583,5m9s
41609,5mdc
41616,18y68
41653,b3jreo
41654,b8n4
41663,pa8
41665,sg
41749,45c
41751,4pt3i8
41759,1kw
41786,18y68
41818,5n60
41866,pa8
41885,zik0zk
41914,35s
41935,35s
41982,360
41989,35s
41990,1kw
42033,pa8
42044,pa8
42050,8vn08w
42072,pa8
42079,pds
42109,9zlds
42189,8
42191,8
42198,sg
42203,pa8
42205,sg0
42234,q2o
42266,5ma0
42267,8vn0nc
42284,sg
42303,18y68
42345,35s
42373,74
42393,8vn094
42399,8
42401,am2gw
42411,sg
42412,sg
42413,sg
42417,35s
42460,6s5c
42463,pa8
42513,13yebk
42531,8
42539,9zr01s
42547,13ydj4
42621,zsjmdc
42622,zsjmdc
42631,zik0zk
42641,zik0zk
42667,13ydj4
42678,9zojk
42704,8
42710,5n9k
42714,b8lc8
42731,8vn094
42732,1kw
42735,5pfs
42737,8
42744,8vn3eo
42748,so
42751,sg
42783,pa8
42812,9zlds
42853,9zlds
42913,8vsmmg
42920,74
42933,zik0zk
42934,1kw
42935,74
42936,pa8
42941,8vn08w
42942,8vn1ts
42948,3s
42952,pa8
42967,143zsw
42974,pa8
43003,sg
43010,8vn0cg
43012,pe0
43015,8vn0cg
43060,zik0zk
43076,18y68
43077,3k
43082,35s
43084,3y8
43113,5ma0
43193,sg
43228,5m9s
43242,8vn0n4
43246,qmx0qo
43247,5m9s
43248,8vn08w
43250,18yyw
43256,lc
43257,pa8
43261,95mmf4
43264,zik1kw
43266,sg
43271,35s
43274,pa8
43288,zik0zk
43297,18e718g
43299,zik0zk
43308,zik0zk
43309,zik0zk
43332,zik0zk
43359,zik0zk
43380,3k
43393,zik0zk
43402,9zlds
43414,1kw
43458,e8
43495,zik0zk
43512,8vnpj4
43518,8vn1ts
43521,13ydj4
43530,sg
43630,1kw
43716,9zlds
43722,8vn4lc
43745,13ydj4
43759,5mo0
43760,8vn3eo
43763,5ngg
43824,pa8
43845,b8jy8
43847,pa8
43848,zik45c
43853,sg
43886,eg
43907,e8
43925,13ydj4
43934,zik0zk
43938,zsjmdc
43942,8vn0n4
43960,e8
43975,e8
43982,8
43984,pa8
43989,9zlds
44012,74
44017,pa8
44022,9zlds
44027,74
44045,e8
44057,18y68
44058,45c
44059,8vn4zs
44062,191j4
44065,zk
44068,8vn11c
44069,74
44072,74
44073,74
44094,13ydj4
44122,18y68
44136,9zojk
44138,zik0zk
44139,74
44162,95mozk
44171,18y68
44172,18y68
44177,18zr4
44227,3cw
44247,3k
44317,9zpj4
44318,9zlds
44327,3y8
44336,35s
44349,5m9s
44352,zk
44357,18e718g
44358,1kw
44361,zik0zk
44367,9zlds
44373,18ydc
44402,8vn08w
44411,zik0zk
44412,74
44417,8vn0n4
44420,35s
44423,3k
44432,9zlds
44465,3s
44466,pa8
44471,282dfk
44501,1s0
44514,2hwjk
44521,pa8
44567,bxxc
44573,3k
44588,5ma0
44594,6bk0
44608,8vn08w
44624,zik1s8
44625,e8
44629,1kw
44674,74
44675,6fpc
44679,e8
44686,e8
44687,e8
44688,e8
44689,1l4
44699,zjszcw
44700,74
44709,3k0
44713,pa8
44714,1kw
44716,9zojk
44717,3k
44720,39c
44726,3k
44735,74
44741,13yebk
44742,95mn7k
44759,8vn08w
44760,16o
44778,18y68
44779,zk
44780,18y68
44787,8vsmio
44792,sg
44794,sg
44832,35s
44834,8vn3eo
44855,95mmio
44859,74
44860,74
44903,9zle0
44913,13z3ls
44948,3y8
44966,w0
44977,8vn08w
44979,8vn08w
44982,8vn08w
44983,sg
44993,8vn08w
44996,8vn08w
44997,8vn08w
45001,8vn08w
45004,8vn08w
45005,8vn08w
45025,18y68
45026,1924g
45042,1kw
45121,8vn1mo
45124,sg0
45139,5m9s
45146,8vn4lc
45161,8
45166,eg
45168,8vn3eo
45178,pb4
45184,9zmrk
45185,35s
45187,1kw
45196,zsjmdc
45214,8vn08w
45219,3k
45227,8vn08w
45237,e8
45256,74
45259,e8
45272,13yebk
45287,1924g
45298,18y9s
45305,1s0
45314,45c
45319,74
45320,192ps
45327,8vn08w
45330,sg
45333,13yebk
45335,18zy8
45340,95mlmo
45341,zsjmdc
45347,8
45353,zik2ko
45368,18y68
45370,18y68
45371,18y68
45372,18y68
45383,18ydc
45389,35s
45395,sg
45397,1kw
45403,8vsnpc
45427,8vn08w
45448,19ngg
45455,8vn11k
45464,pa8
45465,18y68
45475,e8
45486,5m9s
45491,9zlds
45494,sg
45509,5n28
45511,95s7wg
45513,8vn08w
45529,19dz4
45538,5m9s
45543,5m9s
45548,8vsq2o
45555,13ydj4
45559,qmx2bk
45565,35s
45566,19p1c
45567,35s
45577,zik0zk
45581,8vn3eo
45593,95mlts
45596,8wvyf4
45599,19nnk
45601,6bnk
45611,13yebk
45613,95mlmo
45617,18y68
45622,3k
45623,sg
45624,8vn0n4
45631,sg
45639,1dy0p4
45644,35s
45646,1s0
45653,3cw
45655,5m9s
45660,qgw
45662,pa8
45666,3k
45668,a0ao0
45671,8vn11c
45672,pog
45673,8vn08w
45674,pa8
45683,pa8
45693,sg
45701,8vn08w
45710,cu8
45717,191c0
45760,sg
45775,74
45812,zik2kg
45826,zik0zk
45832,poo
45846,8vn0n4
45858,9zmyo
45861,sg
45864,5ma0
45865,8ww000
45881,5m9s
45882,8vn18g
45889,191c0
45912,74
45931,13ydj4
45970,1kw
46001,2rk
46006,mjcw
46007,i0
46010,13ydj4
46046,1kw
46056,8vn08w
46060,35s
46062,4qw
46064,1kw
46083,18e7fgg
46104,veo
46105,35s
46106,13yebk
46109,13ydj4
46110,18zy8
46111,13ydj4
46121,8
46154,sg
46156,3y8
46162,4fu7i8
46175,9zlds
46180,9zmyo
46185,8
46205,8vn1u0
46215,74
46220,zk
46252,8vn08w
46286,8
46340,18e718g
46405,du0
46413,3cw
46415,g08
46423,a02rk
46472,3k
46473,1z4
46477,35s
46478,zsjn9c
46500,8
46504,zsjmdc
46552,3k0
46553,8
46580,12ps
46602,9zlds
46635,9zlds
46658,8vn08w
46662,8y4wlc
46706,9zlds
46716,pag
46717,18zr4
46728,4qo
46741,16o
46791,2rk
46809,1z4
46810,1kw
46831,16o
46845,8vn1ts
46894,8vsr9c
46897,8vn08w
46955,1kw
46972,13z3pc
47005,35s
47011,8vn08w
47024,8vn08w
47048,1kw
47065,3k0
47082,8vn11c
47085,35s
47152,9zlds
47172,8vn08w
47184,95mneo
47199,8vn094
47217,9zlds
47285,pa8
47344,8vsnbc
47389,8vn08w
47435,4qo
47459,9zle0
47513,fsw
47517,8vn08w
47543,8vnpj4
47544,35s
47571,chhq8
47576,8y4wlc
47587,pa8
47592,pa8
47604,8vn08w
47609,9zlds
47646,35s
47647,74
47648,74
47653,e8
47659,8vn18g
47713,16o
47722,74
47768,sg
47769,3k
47772,3k
47785,5mdc
47893,95mp6w
47995,sg
48002,3y8
48003,35s
48015,ps0
48020,149m2o
48052,5mdc
48064,8
48066,sg
48067,95mlmo
48078,sg
48081,pa8
48119,8vn0n4
48164,4fu7eo
48206,zjsz5s
48262,5m9s
48280,4jm
48294,74
48298,pa8
48477,13ydj4
48486,9zlds
48491,9zlds
48508,zsjmdc
48510,9zlds
48514,9zlds
48521,9zlds
48526,9zlds
48542,9zlds
48550,9zlds
48560,9zlds
48583,9zlds
48586,9zlds
48601,18y68
48634,95mlmo
48678,8vn3eo
48699,18y68
48703,18y68
48706,9zlds
48740,zik1ds
48756,18y68
48764,3k
48805,hs
48859,8vnta8
48867,a0ark
48870,qkg
48898,9zlds
48907,13ydmo
48930,1kw
48931,8vn0g0
48950,sg
48974,18o6ps0
48987,9zlds
49008,zik0zk
49022,zik0zk
49024,zik0zk
49031,8
49035,am2gw
49069,5m9s
49101,sg
49143,3k
49144,27wubk
49147,3s
49239,pa8
49251,9zlds
49275,27xji8
49319,sg
49327,sg
49347,phc
49409,sg
49474,9zlds
49485,9zlds
49488,3k
49499,5qm8
49500,5mgw
49501,q2o
49521,35s
49542,sg
49552,13ydj4
49589,9zlds
49591,5m9s
49655,sg
49656,8
49676,9zlds
49693,sg
49719,95mlmo
49723,pa8
49730,pa8
49733,8vn08w
49734,q2o
49755,sg
49772,8
49795,8vn0g0
49800,dbgidc
49802,7c
49804,lk
49838,8vn08w
49841,8
49867,6bk0
49872,eg
49985,zikdmw
50055,5m9s
50057,13yhvk
50135,pa8
50142,e8
50143,18ydc
50174,sg
50199,pa8
50201,so
50202,zk
50219,so
50303,6eps
50346,zik0zk
50355,9zlkw
50362,sg
50384,8x1kp4
50388,8
50413,8vnpj4
50477,5j4
50483,8vn08w
50487,5mh4
50512,pog
50552,2dc
50570,e8
50577,ps0
50587,35s
50617,a0dts
50655,8vn08w
50657,8vn08w
50774,8vn08w
50935,q9s
50987,8vn11c
51030,e8
51035,e8
51040,1a8
51046,5pmo
51053,pa8
51058,18z5s
51069,pa8
51088,sg
51100,pa8
51118,8ww268
51141,zik0zk
51152,4ftix4
51161,1kw
51164,9zlds
51166,1kw
51168,pa8
51174,8wvzeo
51176,pa8
51178,8
51186,35s
51191,8ww000
51224,8
51226,4jk
51232,18o6mm8
51274,9zlds
51282,pa8
51283,lc
51285,8vn0n4
51288,1kw
51311,8vn08x
51318,w0
51321,13yebk
51325,pds
51346,pa8
51350,8vn08w
51356,pb4
51383,74
51420,9zlds
51426,74
51452,sg
51457,1s8
51471,gsg
51474,74
51489,74
51497,8vn08w
51504,74
51510,74
51528,sg
51529,3s
51532,74
51535,74
51540,8vn1fk
51545,74
51547,74
51550,74
51556,1kw
51559,74
51574,18y68
51587,74
51596,8vn08w
51604,e80
51630,9zlds
51663,74
51667,74
51676,pa8
51681,9zm68
51699,1kw
51710,74
51713,1s0
51715,1kw
51730,13yebk
51736,35s
51882,9zlds
51892,9zlds
51894,8vn08w
51897,9zlds
51936,9zlds
51956,1kw
51972,pa8
51984,1kw
52006,8vn08w
52027,e8
52059,8vtcp4
52063,1kw
52082,8vn08w
52089,9zlds
52097,9zlds
52111,sg
52112,qmx154
52119,8vsnb4
52136,35s
52188,35s
52200,pds
52209,mhhk
52212,8vn08w
52246,5mo0
52261,8vn08w
52262,8vn08w
52266,35s
52269,95s7xd
52270,8vn08w
52281,8vn08w
52312,35s
52317,8vn08w
52322,b8jk0
52328,35s
52332,18y68
52345,lc
52348,pa8
52380,13ydj4
52403,5o1s
52406,9zlds
52408,9zlds
52428,3cw
52432,74
52469,74
52470,9zlds
52477,9zlds
52480,8wvyf4
52495,sg
52506,8
52513,191c0
52514,9zlds
52530,pa8
52570,13yebk
52576,1kw
52585,360
52595,pb4
52647,74
52744,e8
52746,8vn288
52769,zsjoqo
52787,18e718g
52811,8
52828,8wvyf4
52830,pa8
52848,8wvyf4
52874,1l4
52891,8vn08w
52893,3k0
52895,9zlds
52897,35s
52903,35s
52910,pa8
52915,zik0zk
52918,35s
52920,8vtc74
52937,zik0zk
52953,18y68
52956,9zlds
52976,8vn08w
52979,8wvyf4
52999,35s
53058,pa8
53071,18y68
53077,1s0
53116,pag
53139,35s
53155,1kw
53173,q2o
53226,8vn08w
53228,9zlds
53238,e8
53239,74
53270,18e718g
53286,b8l4w
53288,35s
53299,zsjmdc
53301,7c
53306,e8
53309,18ydk
53331,9zlds
53332,74
53350,9zlkw
53359,4h2h34
53360,sg
53400,pa8
53408,pa8
53418,pa9
53437,pa8
53444,5m9s
53455,3s
53477,zik45c
53523,zik16o
53533,a0c8w
53534,pa8
53536,8vnsow
53555,8vn08w
53556,8vn08w
53602,8vnpj4
53622,8vnqio
53669,pa8
53696,6bk0
53719,9zlds
53841,18y68
53842,18y68
53847,18y68
53871,1kw
53922,18y68
54031,zik0zk
54044,8vn08w
54137,pa8
54148,8vn08w
54149,35s
54155,8vn0u8
54160,8vn08w
54168,8vn08w
54170,sg
54175,8vn08w
54177,8vn08w
54178,18y68
54183,35s
54217,74
54231,74
54235,74
54245,74
54268,13ydj4
54275,sg
54287,9zlds
54306,18y68
54312,a0c8w
54375,18o6mm8
54383,sg
54419,zik0zk
54470,18y68
54488,35s
54512,8w9hc0
54528,8vn08w
54534,18ydc
54557,8vn08w
54576,zik1s0
54581,35s
54659,pa8
54716,18y68
54774,74
54775,5n28
54781,18z5s
54793,1kw
54794,4qo
54816,zik0zk
54818,35s
54820,1kw
54845,35s
54846,pa8
54859,3cw
54890,sg
54906,3y8
54916,35s
54921,3cw
54928,3cw
54929,35s
54933,8vn0n4
54935,45c
54964,pa8
54984,8vn3ls
54996,1s0
55001,35s
55042,e8
55044,e8
55046,1z4
55089,pa8
55099,pa8
55114,pa8
55115,zik0zk
55125,sg
55135,74
55143,8vn1ts
55156,35s
55210,5m9s
55213,35s
55215,3r4
55231,8
55237,e8
55240,74
55247,13yebk
55250,8vn08w
55253,18y68
55255,8wvyf4
55263,cn4
55270,8vn08w
55282,2hzwg
55291,13yebk
55302,13ydj4
55317,18y68
55322,8vn08w
55336,9zlds
55338,zik0zk
55345,9zlds
55346,8vn08w
55356,9zlds
55366,8vn08w
55369,9zlds
55378,18y9s
55382,8vn08w
55385,3k0
55389,8vn08w
55409,1z4
55421,9zlds
55439,9zlds
55472,35s
55484,zik2kg
55489,8vn08w
55494,13ydj4
55501,8vn08w
55508,6ccg
55510,pa8
55519,pa8
55524,8vn08w
55541,9zmyo
55595,eg
55597,pa8
55605,8vn08w
55619,8vn2tc
55683,8vn08w
55687,so
55709,17k
55734,zjt0qo
55735,ziku80
55742,sg
55751,5pfs
55758,5m9s
55769,35s
55801,35s
55839,8vn08w
55854,9zojk
55866,74
55869,1kw
55870,35s
55878,1kw
55879,1kw
55884,74
55895,35s
55911,fsw
55932,35s
55957,35s
55972,5m9s
55975,zik0zk
55976,9zmyo
55977,18y68
55978,1kw
55980,8
55993,35s
55994,18y68
55997,35s
56005,8wvyf4
56014,18y68
56026,8vn08w
56036,96vmyo
56046,a0uc5c
56059,74
56066,18yde
56067,74
56100,13z3ls
56115,18y68
56130,74
56134,74
56183,18y68
56315,18y68
56324,1kw
56331,1f9qg
56354,5mdc
56370,zipn9c
56371,5ma0
56372,8vn08w
56386,8vn08w
56416,8vspog
56435,pa8
56490,a9qlfk
56513,35s
56518,8vn08w
56523,5m9s
56528,8vn08w
56534,5mdc
56543,74
56587,8vn08w
56601,5m9s
56609,35s
56631,5m9s
56637,9zlds
56640,8vn08w
56643,95mlmo
56657,8
56698,zik0zk
56703,35s
56711,pa8
56727,9zlds
56747,8vn08w
56762,35s
56772,8vn08w
56777,18ydc
56778,5mo8
56789,1l4
56790,4ftn28
56794,e8
56795,e8
56797,18y68
56802,e8
56806,e8
56807,1z4
56809,e8
56810,192io
56811,8
56815,e8
56817,35s
56818,2rk
56820,e8
56821,8
56827,e8
56830,360
56831,1s0
56836,5m9s
56853,35s
56854,35s
56872,13yebs
56889,35s
56903,35s
56912,35s
56935,8
56936,8vn1ts
56976,4pt534
57013,1kw
57015,9zlds
57016,1kw
57020,1kw
57021,1kw
57051,pa8
57071,pa8
57079,sg
57087,5m9s
57091,pa8
57104,1kw
57110,54w
57144,1z4
57162,8vn18g
57170,e8
57186,95mm80
57188,3s
57207,sg
57208,e8
57216,e8
57229,zk
57249,5m9s
57255,8vn08w
57275,5n28
57280,35s
57285,35s
57337,e8
57342,e8
57343,e8
57348,e8
57349,8vn0n4
57354,35s
57355,e8
57358,e8
57367,e8
57370,e8
57372,eg
57376,e8
57383,e8
57389,35s
57402,9zls0
57403,lc
57404,8vn0n4
57415,1kw
57420,16o
57423,sg
57449,e8
57466,e8
57467,e8
57480,4cg
57488,sg
57500,1ds
57510,e8
57514,8vsmiw
57515,8ww1ds
57522,74
57525,e8
57534,8
57545,e8
57561,8vn08w
57631,9zlds
57643,35s
57723,b8oao
57785,74
57791,74
57800,74
57808,8vn0g0
57814,18zr4
57816,74
57818,74
57825,74
57834,18y68
57840,8
57842,sg
57845,pa8
57851,1kw
57854,8vn08w
57866,74
57869,zsjmdc
57876,74
57888,zik0zk
57895,ziqcjk
57901,zik0zk
57922,74
57924,1kw
57935,74
57941,74
57943,18ydc
57944,74
57950,zk
57956,8wvym8
57961,74
57971,zik0zk
57987,zik0zk
57995,pa8
58000,zikq9s
58001,13ydq8
58013,1s0
58016,zik0zk
58018,1kw
58020,zik0zk
58035,zik0zk
58042,zsjmdc
58043,zik0zk
58046,zik0zk
58051,zik0zk
58070,74
58074,74
58076,1s0
58088,8vn08w
58097,8vn0nc
58112,74
58115,74
58124,pa8
58150,zik0zk
58163,pa8
58178,phc
58188,13ydj4
58205,a0bgg
58228,18y68
58238,zik0zk
58252,zik0zk
58267,8wvyf4
58268,18y68
58281,74
58295,dlg45c
58301,18y68
58319,1kw
58327,8
58330,74
58341,74
58345,a0e0w
58358,pa8
58361,sg
58378,8vn08w
58379,pa8
58381,8vn08w
58383,1kw
58389,zik0zk
58392,zik0zk
58403,zik0zk
58405,18e7qps
58413,zik0zk
58425,zik0zk
58426,8wvym8
58427,zik0zk
58429,9zlds
58436,18y68
58437,6bk0
58450,9zlds
58467,zik0zk
58489,qv4
58500,pa8
58514,zik0zk
58516,9zls0
58534,8vn08w
58568,9zlds
58576,18z5s
58602,8vn08w
58621,8vn08w
58660,8vn08w
58774,74
58778,1kw
58789,74
58799,74
58816,8vn08w
58818,lc
58821,8vn08w
58829,8vn08w
58830,8vn08w
58855,8vn08w
58864,qo0
58874,phc
58879,8vn08w
58884,74
58890,eg
58923,18zr4
58930,zik0zk
58944,18y68
58945,zik0zk
58949,zikqgw
58956,zik0zk
58961,zik0zk
58965,18y68
58970,zik5q8
58976,zik0zk
58988,18zr4
58993,13yebk
58995,pds
59000,3quio
59016,phc
59024,zik0zk
59027,pa8
59032,zikr29
59054,pa8
59060,zik0zk
59076,zik0zk
59082,pag
59084,18zr4
59129,zik0zk
59145,5m9s
59148,zik0zs
59150,zik0zk
59187,9zlds
59196,pa8
59209,9zlds
59238,pb4
59248,8wvz0g
59266,zik0zk
59269,zik0zk
59322,18e718g
59323,zk
59333,8vn08w
59340,45c
59343,74
59344,74
59349,74
59352,9zlds
59375,74
59377,3y8
59389,18e718g
59411,zsjmdc
59414,zsjmdc
59423,zik0zk
59442,zik2kg
59491,95naww
59529,4qo
59551,74
59558,zk
59561,74
59594,5m9s
59596,5m9s
59597,9zls0
59606,sg
59631,8vsnpk
59641,5n2g
59699,35s
59783,8vnqio
59791,191c8
59866,95mpkw
59872,8
59893,zik0zk
59896,zj6i2o
59908,18o6mm8
59930,9zlds
59931,8vn08w
59933,zik0zk
59938,8wvz0o
59950,zsjocg
59957,1z4
59964,zik0zk
59970,18e718g
59973,zik0zk
59982,zik0zk
60004,8vn08w
60028,pa8
60096,95mlmo
60128,35s
60134,9zlds
60220,4fti88
60312,8vsmm8
60317,5mdc
60323,zik0zk
60394,pa8
60410,18ydc
60444,q9s
60445,74
60517,18ydc
60525,e8
60534,4qo
60539,8vn0n4
60540,e8
60542,3r4
60543,e8
60551,1z4
60558,16w
60561,e8
60567,35s
60570,9zncw
60573,9zrb4
60577,8vn668
60578,e8
60583,16o
60588,1z4
60591,16o
60599,35s
60602,eg
60603,dts
60604,1z4
60607,eg
60632,pa8
60709,qmx0qo
60744,5n28
60761,pa8
60779,74
60784,8vn08w
60790,zsketc
60793,13ydj4
60795,8vn08w
60799,8x1xc0
60838,8
60865,13ydj4
60885,e8
60889,8vn4e8
60890,74
60951,143zt4
60957,pa8
60971,5ma0
60979,zsjmdc
60982,18y68
60990,16o
61030,13ydj4
61087,pa8
61194,18y68
61253,3cw
61336,3s
61344,74
61375,pa8
61380,8vncw0
61397,9zlds
61401,1s0
61417,13ydj4
61447,8vn11c
61449,35s
61464,zik16o
61505,mio0
61511,35s
61546,3cw
61549,sg
61560,sg
61561,sg
61568,sg
61572,sg
61573,sg
61575,8vn11c
61583,sg
61591,pa8
61592,sg
61612,5m9s
61637,4jk
61644,sg
61651,5n28
61653,sg
61674,13yebk
61682,f4
61694,sg
61711,sg
61743,8wvym8
61751,35s
61757,35s
61760,18y68
61763,3k
61764,18y68
61770,35s
61783,35s
61786,35s
61803,35s
61812,lc
61814,sg
61819,sg
61832,sg
61834,sg
61841,sg
61842,8vn11c
61846,5m9s
61856,8vn08w
61863,35s
61887,8vnrwg
61891,16o
61892,8vn1fk
61901,pa8
61952,zik0zk
61960,9zlds
61989,pa8
62008,149mv4
62013,e8
62049,8vnqbk
62052,sg
62054,b8jk
62086,13yf40
62094,13yebk
62121,zk
62125,gutc
62144,74
62233,18y68
62240,sg
62246,13ydj4
62351,e8
62374,8vn08w
62379,9zojk
62415,4qo
62460,1kw
62481,1kw
62501,1kw
62514,9zlds
62515,zik0zk
62524,9zlds
62552,8vn1ts
62638,sg
62640,13ydj4
62642,sg
62680,3k
62688,sg
62713,3cw
62716,35s
62735,35s
62749,8
62751,35s
62800,pa8
62834,9zlds
62913,74
62915,pa8
62920,8vn0g0
62941,8vn0g8
62945,zk
63022,pa8
63040,74
63047,qmx0qo
63056,74
63149,9zlds
63170,9zlds
63186,3cw
63200,sg
63204,8vn08w
63209,9zn5s
63252,95mm0w
63265,mhhc
63285,sg
63289,8vn08w
63290,74
63293,8wvym8
63308,18y68
63334,5m9s
63342,8vsnb4
63422,13yf7k
63463,ow
63469,5m9s
63487,a598o
63489,qv4
63494,1ds
63531,35s
63606,9zlds
63689,74
63695,74
63723,74
63737,pa8
63821,sg
63824,3y8
63833,27xgco
63837,18y68
63846,eg
63899,hra3nk
63955,pa8
63965,hra3nk
64000,18zy8
64016,8vn08w
64104,zik0zk
64118,984hz4
64126,htrwug
64134,74
64147,e8
64215,zik0zk
64229,e8
64248,pa8
64308,18e73sw
64313,zipn9c
64339,8wvym8
64352,5m9s
64363,1s0
64371,18y68
64385,1kw
64399,zk
64411,8vn0g0
64481,8vso3k
64484,74
64506,8vsmio
64535,8
64545,74
64590,97162o
64598,zk
64667,9zlds
64672,18y68
64711,zsjmdc
64791,8vnpj4
64793,35s
64952,8vn08w
64992,18ydc
65060,74
65072,9zmyo
65230,2tc0
65233,74
65237,74
65243,74
65255,q2o
65256,5m9s
65263,74
65266,74
65278,45c
65297,zik0zk
65301,74
65318,74
65331,74
65343,1kw
65467,2kg
65477,sg
65489,74
65521,8vn094
65542,zjsz5s
65681,8
65781,8vnpjc
65921,8vn0u8
65929,35s
65966,9zlds
65976,sg
65977,9zlds
65986,1kw
65992,18ykg
66005,pa8
66008,b8jk0
66020,9zlds
66022,3k0
66052,8vn0n4
66058,18e7qio
66099,74
66100,q9s
66106,74
66109,35s
66110,74
66112,3cw
66133,9zlds
66219,sg
66280,8vn3eo
66319,e8
66333,sg
66360,35s
66386,e8
66398,e8
66405,8vn08w
66407,eg
66413,1ds
66415,e8
66515,18e72tc
66521,a5atc
66550,sg
66587,18zr4
66616,8
66638,3s
66660,8
66736,5pmw
66783,6by8
66784,9zle0
66788,8vn0n4
66791,8vn0n4
66923,sg
66934,so
66953,8vn08w
66960,4qo
66994,sg
67063,sg
67080,74
67082,74
67084,3k0
67089,zk
67090,1s0
67211,sg
67220,5m9s
67235,1kw
67252,sg
67303,13yebk
67322,sg
67339,sg
67346,sg
67355,sg
67369,sg
67416,sg
67420,sg
67421,sg
67542,1s0
67544,1s0
67546,7c
67548,9zlkw
67556,35s
67638,8vn08w
67639,35s
67648,8
67655,8w9hc0
67685,pa8
67721,9zls0
67797,8vn08w
67808,74
67815,18y68
67823,74
67831,13yf40
67855,8vn08w
67864,b8mps
67866,74
67869,pa8
67886,8wvyf4
67917,9zlds
67920,ls
67925,18y68
67955,4qo
67967,18zr4
68004,8vn08w
68033,a0c8w
68183,sg
68203,18y9s
68205,8
68211,8vn08w
68275,8wvyiw
68283,e8
68290,lc
68306,3y8
68321,13ydj4
68331,13ydj4
68390,sg
68410,qv4
68418,1kw
68442,18y6g
68523,8vn08w
68645,5q8
68711,1kw
68718,e8
68746,1kw
68778,zik0zk
68803,8vn08w
68815,pa8
68821,18y68
68833,8vn08w
68863,8vn3sw
68864,5pts
68868,e8
68902,8
68915,zik0zk
68978,4pt3i8
68980,3k
69001,9zmdc
69004,zik2kg
69005,8vn08w
69006,9zmrk
69014,8vn08w
69015,zikr28
69059,3k
69101,e8
69110,8
69246,8vn0n4
69374,8vn3eo
69382,1kw
69396,pa8
69401,8
69436,pog
69445,8vn08w
69458,18y68
69576,1kw
69609,2kg
69611,74
69633,6fi8
69636,5mdc
69642,5mdc
69646,b3jukh
69651,1441ds
69653,sg
69660,74
69683,9zmyo
69751,2tc0
69819,18ydc
69838,4ftjpc
69913,zsjmdc
69978,qmx0qo
70074,9zlds
70097,9zlds
70114,9zlds
70131,8vn11c
70132,1kw
70170,hrfmrs
70176,qmx0qo
70203,4qo
70209,8wvyf4
70212,9zlds
70220,9zlds
70243,pa8
70245,zk
70280,6bk0
70285,pa8
70359,18zrc
70411,35s
70412,8vn08w
70484,95mlmo
70580,35s
70689,35s
70724,18y68
70754,18e718g
70767,zik16o
70778,8
70784,18y68
70789,3y8
70835,13ydj4
70869,zsjmdc
70890,74
70898,74
70934,18z5s
70950,sg
71002,1s0
71019,35s
71020,sg
71096,sg
71107,sg
71206,74
71271,zk
71273,13yfb4
71292,8vn11c
71394,74
71420,18y68
71548,74
71559,74
71570,74
71571,74
71579,74
71662,8vn08w
71671,74
71801,74
71830,18y68
71835,74
71840,74
71904,74
71905,phc
71918,74
72047,zk
72087,74
72121,e8
72189,74
72195,1s0
72203,pa8
72237,8vn3eo
72274,35s
72286,74
72310,74
72315,74
72422,8vn0n4
72441,35s
72457,pds
72458,9zlds
72462,5n28
72476,q2o
72479,3r4
72490,1kw
72519,pa8
72522,1faps
72567,8vn1u0
72578,191q8
72587,35s
72638,pa8
72643,8wvyf4
72651,1kw
72687,8wvyf4
72768,8ww1ds
72772,8wvyf4
72779,74
72792,pa8
72834,18y68
72835,18y68
72855,18y68
72857,191q8
72860,18y68
72896,18y68
72934,1kw
72935,74
72939,18y68
73009,74
73013,pa8
73067,sg
73076,74
73083,3cw
73090,8ww1kw
73092,3r4
73094,zik0zk
73097,4qo
73120,e8
73138,8
73185,zippts
73215,1s0
73244,74
73250,74
73254,5m9s
73269,1s0
73314,74
73319,1s0
73323,149mv4
73333,8vyy2o
73396,4cg
73408,35s
73417,3k
73457,8vn3sw
73480,8vn08w
73482,sg
73484,sg
73491,8vn11c
73517,q9s
73522,sg
73547,sg
73564,sg
73623,dbgidc
73627,8vn08w
73636,1s0
73681,9zlds
73691,9zlds
73700,1kw
73704,8
73731,8vn08w
73734,8vn4sg
73741,8vn08w
73769,zik0zk
73782,phc
73783,9zlds
73786,3y8
73794,35s
73798,1kw
73846,8vn4zs
73852,18y68
73854,9zlds
73912,9zle0
73926,35s
73951,i19lvs
73980,8
74081,9zlds
74088,sg
74089,zik0zk
74091,13ydj4
74200,18y68
74223,w0
74228,134
74229,74
74230,18zk0
74232,74
74253,35s
74288,8vn0a0
74294,1ekn4
74295,pa8
74297,5rls
74300,4ftki0
74306,1kw
74314,3qxvk
74418,18ydc
74448,35s
74544,8
74550,18y68
74557,1s0
74590,8ww2dc
74600,18y68
74602,pa8
74615,3k0
74621,18y68
74626,1kw
74639,8vn08w
74641,8vn0g0
74648,8vn08w
74667,3cw
74683,192io
74684,e8
74687,8w9kw0
74709,e8
74725,9zlds
74762,3k
74768,sg
74776,8vn08w
74810,sg
74821,39c
74842,6bk0
74856,pa8
74857,phc
74861,13ydj4
74869,qo0
74872,i19lvk
74900,pds
74918,8vn08w
74943,8vn474
74954,74
74956,35s
74960,hra1ds
74996,8vnrc0
75035,18zr4
75058,e8
75067,sg
75076,4ftla8
75085,9zlds
75096,e8
75102,18zr4
75116,18y68
75118,18zr4
75127,3cw
75209,9zlds
75213,9zmyo
75214,9zlds
75224,e8
75238,1s0
75282,e8
75287,b8npc
75296,18ffzeo
75298,18y68
75314,74
75327,35s
75407,18y68
75411,35s
75422,3k
75441,9zmyo
75442,18yrk
75446,r28
75453,3k
75458,27wwow
75471,8wvz7s
75489,t8g
75554,3s
75568,18y9s
75615,ziktfk
75640,8vnpj4
75645,e8
75647,1kw
75816,4fticg
75852,pds
75884,3k
75890,b3pedc
75901,5mdc
75921,pa8
75942,sg0
76028,zik2kg
76047,5nuo
76055,eg
76061,4xs
76075,9zmyo
76076,18ydc
76077,3y8
76085,5m9s
76090,18y68
76092,35s
76158,pa8
76163,3cw
76176,8vn08w
76273,74
76274,39c
76277,16o
76281,8vn08w
76293,8vnpy8
76326,8vsmiw
76329,35s
76386,8vn0n4
76387,35s
76406,35s
76467,zk
76560,1440lc
76597,8
76598,191c0
76608,9zpc0
76699,74
76701,74
76728,8vn08w
76743,74
76746,74
76749,8vn08w
76799,3y8
76895,35s
76902,35s
76924,1905c
76984,74
77001,5n2g
77003,9zoqo
77026,ao
77066,18y68
77100,16o
77108,pa8
77153,8vn08w
77207,74
77259,27wubs
77262,74
77274,sg
77314,27wr60
77329,sg
77348,e8
77362,8vn08w
77383,13ydxk
77394,5m9s
77449,8vn11k
77544,sg
77547,1kw
77559,sg
77603,8vn3eo
77663,8
77707,8vn0g0
77708,pb4
77710,8vn08w
77720,35s
77737,8vn18g
77752,8wvyf4
77757,w8
77760,13yebk
77809,pa8
77812,q2o
77825,27wu80
77826,lc
77828,8vn288
77832,18zr4
77834,e8
77835,95mnls
77847,zik0zk
77855,3k
77920,pa8
77932,zk
77964,9zr01s
77966,8vsmio
77974,8vn1fk
78082,8vn3sw
78147,pa8
78339,8vnpj4
78507,5ma0
78553,pa8
78570,8
78590,8vn3i8
78726,b8jk0
78798,8vn08w
78818,5mdc
78819,8vsmm8
78820,8
78917,e8
78950,pa8
78959,sg
78961,13ydj4
78966,sg
79027,5n28
79045,5pfk
79089,18y68
79110,8vn0n4
79121,5m9s
79127,5m9s
79128,18y68
79132,1kw
79192,5m9s
79242,35s
79294,5m9s
79352,74
79355,8vnpj4
79377,pa8
79422,1ds
79470,5mgw
79501,pa8
79503,pag
79517,18y68
79520,1kw
79522,8vn3sw
79573,5ma0
79607,3k
79612,1kw
79642,qa0
79643,pa8
79654,3k
79723,sg
79893,8vn0u8
79933,18y68
79960,191cg
79967,pa8
80009,e8
80031,pa8
80036,e8
80059,8vn08w
80073,8vsmiw
80158,35s
80161,8vncw0
80173,e8
80188,8vn094
80191,e8
80197,a10xs
80205,8vn280
80293,lc
80312,zik0zk
80351,35s
80444,tfk
80462,18y68
80562,b8jk0
80599,18y6g
80671,5m9s
80672,11xc
80696,8vn08w
80697,8vn08w
80702,143zsw
80708,5m9s
80709,5ma0
80894,35s
80941,9zlds
81163,5nuo
81173,6bk1
81202,sg
81349,zsjny8
81386,e8
81396,8y51c0
81421,8vn1ts
81433,8wvym8
81455,193pc
81460,e8
81512,3yg
81532,b3jri8
81543,e8
81563,8vn08w
81649,18e718g
81663,8vn0n4
81743,74
81775,5m9s
81778,5m9s
81785,8vnrwo
81789,6fi8
81793,sg
81796,zk
81801,sg
81808,5n28
81831,13ydj4
81988,74
81997,74
81998,8vn0g0
81999,q9s
82009,pog
82018,pa8
82048,3cw
82070,sg0
82097,pa8
82105,q2o
82110,q2o
82113,pa8
82130,95mmf4
82201,9zlds
82215,1kw
82243,t8g
82281,1exvk
82324,9zls0
82332,5m9s
82350,pa8
82361,pa8
82364,95mlmo
82389,8vnpxc
82410,5m9s
82442,4cg
82461,pb4
82503,74
82599,zik0zk
82693,35s
82713,8vn08w
82743,35s
82863,rnk
82873,q2o
83002,pog
83132,e8
83256,pa8
83275,8vn08w
83368,8vn0u8
83430,sg
83458,35s
83466,18y68
83485,18zrc
83560,8vn08w
83877,35s
83886,8vn08w
83891,35s
83895,pi8
83910,hs
83943,8vn08w
83945,5ma0
83946,8vsmio
83951,5ma0
83983,e8
84085,pvk
84133,74
84150,pa8
84162,5m9s
84260,5nuo
84301,e8
84318,8wvyf4
84344,3y8
84435,pa8
84442,35s
84467,35s
84481,b8kqo
84483,9zlds
84486,18y68
84491,18y68
84511,18ydc
84535,18y68
84545,35s
84622,35s
84695,8wvyf4
84700,18y68
84711,18y68
84765,35s
84835,3y8
84845,35s
84846,35s
84870,7c
84903,35s
84921,35s
84938,pa8
84970,18y68
84992,13ydj4
84993,pa8
85000,pa8
85066,35s
85093,5pfk
85127,8vn08w
85148,19nuo
85164,pa8
85177,sg
85201,pa8
85208,35s
85213,8vn08w
85223,8vn08w
85240,35s
85258,74
85288,74
85289,zs
85291,8vn08w
85295,18yrk
85312,18y68
85314,sg
85324,zk
85352,8vnpj4
85370,3cw
85372,8vn0g0
85383,74
85393,35s
85405,8vn08w
85475,45c
85500,74
85528,35s
85563,zik0zk
85574,9zmyo
85585,8vn0n4
85603,35s
85605,35s
85626,zsjmdc
85706,sg
85753,18y68
85763,18y68
85771,18zr4
85774,18y68
85783,8vn08w
85789,pa9
85791,pa9
85822,pa8
85825,4qo
85842,8wvyf4
85863,e8
85864,8vnqbk
85867,pa8
85906,pa8
85922,8vn08x
85935,sg
85941,q2o
85953,18y6g
85964,zik0zk
85969,zik0zk
86054,8
86055,8
86057,18y6g
86079,35s
86106,8vn08w
86172,pa8
86175,phc
86202,tfk
86269,zsjmdc
86536,8wvyf4
86596,9zlds
86612,8vn08w
86614,8vn08w
86784,6eww
86788,9zleo
86792,t9c
86793,3yg
86804,18y68
86811,18y68
86826,18y68
86848,pa8
86863,3k
86915,e8
86916,q2w
86926,8vspog
86930,8vn0nc
86931,18e718g
87052,2dc
87162,5pj4
87210,35s
87211,1kw
87262,9zlds
87282,13yhhc
87299,8vn08w
87381,8vn1ts
87409,74
87422,18zcw
87444,9zlds0
87463,35s
87469,18ydc
87479,8vy96o
87493,35s
87672,sg
87854,8x1kow
87856,8ww074
87884,35s
87893,zik45c
88016,9zlhc
88067,3y8
88082,e8
88103,19qf4
88212,1441ds
88239,8vn0co
88242,1kw
88257,1dxz1c
88262,144pvs
88348,1kw
88374,8vn08w
88490,74
88528,1s0
88542,35s
88590,tfk
88615,9zlds
88680,sg0
88682,3k0
88683,35s
88684,sg0
88706,35s
88712,35s
88713,35s
88721,8vtbsw
88750,sg
88755,t8g
88909,8vn3eo
88968,5m9s
88971,sg
89027,191c0
89030,8
89034,35s
89086,9zojk
89088,9zlds
89200,3k
89208,3k
89222,18o6mm8
89231,5n28
89297,18ydc
89313,74
89318,zik16o
89325,1s0
89330,74
89450,26g
89461,95mlmo
89473,1s0
89556,zsjmdc
89584,18y68
89589,9zlds
89591,pa8
89592,pa8
89618,74
89631,8
89637,e8
89650,phc
89659,pa8
89701,pa8
89708,8vo268
89718,tfk
89726,13ydq8
89731,74
89733,74
90024,6dfs
90118,360
90360,13ydj4
90367,18zr4
90368,5ngo
90451,74
90466,w0
90478,8
90489,sg0
90583,18yyw
90660,18ydc
90681,18zk0
90725,cqo
90800,74
90836,sg
90885,5mdc
90937,8vn08w
90959,8vn08w
90964,sg
90970,8vn08w
91059,8vn1fk
91225,3s
91233,8vn08w
91251,5n28
91286,sg
91315,13ydj4
91317,sg
91347,13ydj4
91365,zik0zk
91415,eh
91423,hrapvk
91434,8vn08w
91469,hs
91549,zik0zk
91557,4pt3i8
91716,sg0
91763,74
91841,pa8
91845,q2o
91849,pl4
91851,3k
91854,a07uv4
91885,1s0
91915,1fbb4
91931,18e71fk
91945,8vn08w
91948,8vn08w
91956,8vn1fk
91970,3y8
92044,18y68
92046,zik0zk
92109,sg
92111,pa8
92141,5j4
92164,8
92180,95nchs
92248,3k
92381,sg
92385,e8
92469,sg
92472,pa8
92567,zik2kg
92569,1z4
92571,sg
92572,sg
92693,e8
92701,4qo
92738,5n28
92813,74
92842,5nuo
92899,8ww2dc
92904,8vn094
92936,5m9s
92947,18ydc
93056,9zm68
93081,6bk0
93128,jzaq0
93142,74
93145,sg
93176,18yyo
93177,9zlds
93184,2832m8
93309,r9k
93315,3s
93330,74
93393,5m9s
93535,6bk0
93552,pa8
93571,pa8
93604,pa8
93626,sg
93651,pa8
93664,8vn0u8
93670,1kw
93678,e8
93690,8vn1fk
93701,e8
93704,pvk
93707,pa8
93720,16o
93726,e8
93730,e8
93732,9zls0
93740,pa8
93758,6by8
93759,lc
93763,13z2tc
93768,pa8
93795,zjszcw
93827,pa8
93831,6cg0
93844,pa8
93905,sg
93922,q2o
93935,74
93936,zk
94005,tmo
94137,pag
94148,pa8
94174,pa8
94192,pa8
94199,8vnpj4
94201,pa8
94298,8
94304,dlg3y8
94305,4qo
94307,1ff9k
94308,74
94316,1kw
94414,74
94523,5ma0
94529,3k0
94603,18y68
94655,sg
94674,pa8
94768,6bk0
94771,pa8
94783,8vn18g
94807,95mnew
94922,18ot3pc
94923,zsjmdc
94931,zik0zk
94936,35s
94939,qyo
95142,18y68
95152,95mlmo
95182,e8
95267,18y68
95280,95mlts
95295,1kw
95314,dbgidc
95377,8
95424,3y8
95429,8wvyf4
95435,sg
95438,a02yo
95483,74
95488,74
95604,95mm14
95641,4ftibk
95649,zik0zk
95673,5ny8
95680,e8
95732,1hc
95736,3cw
95737,3k
95755,6cg8
95759,282dfk
95810,zk
95870,18zr4
95950,13ydj4
95976,sg
96043,5nuw
96089,1kw
96167,6eps
96227,8
96254,35s
96255,8vn08w
96327,e8
96331,3k
96341,3y8
96452,1l4
96454,a5b0o
96455,zik0zs
96533,268
96540,74
96630,5pfk
96718,74
96731,18y68
96754,8vn474
96758,3k0
96766,35s
96790,18zr4
96798,8vn08w
96806,sg0
96817,1kw
96828,45c
96844,984hz4
96853,35s
96898,9zlds
97013,18y68
97166,4fti4o
97241,5mdk
97335,zik0zs
97541,9zlds
97562,8vn08w
97567,zik0zs
97616,27wsqo
97925,8vn08w
98101,4ftxxc
98102,dbgidc
98113,8vn08w
98131,8vn08w
98133,8vn08w
98195,8vn08w
98240,sg
98249,phc
98274,e8
98315,e8
98322,74
98334,e8
98349,e8
98351,e8
98428,8vn20w
98502,8wvyf4
98512,8vn0g0
98533,9zlds
98536,18o6mm8
98539,9zlds
98544,9zlds
98547,b8jk0
98596,13yeio
98631,8vn08w
98888,35s
99003,9zlds
99047,8vn08w
99100,5mdc
99106,3k
99137,9zlds
99180,39c
99186,8vn08w
99189,zjszk0
99227,8vn3eo
99232,35s
99235,35s
99254,35s
99296,18zr4
99327,8vn3eo
99331,q2o
99343,1du
99345,ft4
99352,268
99353,74
99355,9zlkw
99397,sg
99442,8
99490,zik0zk
99495,1kw
99499,18ydc
99510,b8jk0
99548,8vn08w
99559,74
99615,8
99632,74
99691,1kw
99859,18y68
99863,zsjmdk
99922,8vnpq8
99977,dbgjyg
100009,b8jk0
100127,18zr4
100131,18ydk
100160,95mlmo
100220,18y68
100240,18y68
100303,8vn08w
100399,8vsmm8
100482,13ydjc
100485,8vn08w
100497,35s
100507,2dc
100722,74
100910,18y68
100986,8vnpxk
101015,157bpc
101029,8
101118,18z5s
101201,3s
101213,3y8
101277,8vn08w
101304,zik0zk
101469,e8
101500,hra4g0
101506,18y68
101657,5ma0
101682,sg
101742,74
101922,35s
102017,3yo
102043,9zlhc
102045,9zlhc
102132,w0
102134,5mdc
102146,74
102192,8vn3ew
102226,6bk8
102249,fsw
102258,sg
102284,95mlmo
102382,q2o
102423,3cw
102427,18yyo
102432,8vn08w
102452,9zlds
102470,35s
102558,e8
102581,9zlds
102679,8
102740,9zlds
102744,18yrk
102745,35s
103064,pa8
103284,8vn094
103305,8
103310,pa8
103370,8wvyf4
103381,18zr4
103427,3y8
103428,3k
103539,3k
103547,pa8
103558,3k
103559,8vn08w
103563,e8
103565,16o
103585,18y68
103621,8vn08w
103674,8vn3eo
103732,9zlds
103743,18y68
103793,18y68
103819,13ydj4
103890,8wwnwg
103916,35s
103950,zsjmdc
104124,sg
104200,9zlds
104201,9zlds
104223,5n2g
104233,8vn08w
104290,35s
104324,1kw
104331,zsjmdc
104395,9zlds
104414,pag
104466,19dz4
104495,13yebk
104505,zik0zk
104509,96vjsw
104511,9zlds
104540,1kw
104586,sg
104590,zik0zk
104597,5pfs
104705,9zlds
104725,sg
104752,4qo
104941,sg
105352,8
105379,8vn08w
105388,1z4
105400,eg
105456,18o6ps0
105468,zk
105470,3y8
105478,9zlds
105496,9zlds
105500,13ydj4
105506,9zlds
105521,8vnta8
105653,8vn08w
105811,5nuo
105842,1kw
105892,8vn3eo
105899,74
106039,2hy0w
106041,4pt3i8
106181,8vnpxc
106196,9zlds
106225,e8
106270,pa8
106306,18fg1ds
106405,6bk0
106632,zsjmdc
106634,5m9s
106675,9zlds
106825,18ydc
106837,8wvym8
106872,pa8
106987,q2o
107010,8vn4e8
107219,pa8
107350,sg
107377,8
107427,sg
107444,18y68
107523,1kw
107525,1z4
107574,pa8
107612,1kw
107662,b8xs
107665,qmx0u8
107775,pds
107958,35s
108119,35s
108198,pa8
108354,16o
108390,zk
108484,8vn3eo
108537,pa8
108587,8
108601,5m9s
108636,8vn0g0
108650,pa8
108710,1h9u1hc
108725,sg
108820,18ydc
108830,8vn0u8
108831,18y68
108878,13yebk
108880,pa8
109008,18ydc
109012,3k
109038,35s
109039,e8
109110,35s
109197,8
109217,8vn08w
109256,8wwr28
109598,8vn3eo
109720,e8
109751,sg
109881,5m9s
109974,8vn08w
110000,8
110036,pa8
110074,18y68
110078,18ykg
110082,8
110292,8
110309,3r4
110320,1kw
110326,9zlds
110366,1s0
110475,1442yo
110622,9zls0
110660,8vn094
110668,5onc
110686,8vn08w
110690,8vn08w
110692,8vn08w
110695,8vn08w
110697,8vn08w
110708,8vy8sg
110812,5ma0
110822,8
110852,mh3c
110856,8w9hc0
110858,8vn11c
110860,sg
110861,sg
110864,sg
110867,sg
110868,sg
110885,pa8
110906,5m9s
110911,5m9s
110923,35s
110925,3cw
110928,35s
110931,35s
110941,8vn08w
111005,eg
111011,8
111026,8vn0nc
111036,9zlgjk
111038,eg
111039,sg8
111041,1z4
111043,eg
111048,e8
111051,16o
111053,22o
111057,eg
111058,eg
111063,8vn0n4
111078,pa8
111082,74
111114,sg
111180,282dc0
111183,8
111184,5m9s
111195,5n28
111196,5pfk
111227,35s
111275,6d4w
111283,e8
111347,35s
111376,pag
111422,so
111432,13ydj4
111433,8vn3eo
111455,q2o
111482,e8
111508,zk
111524,3y8
111527,e8
111627,8vn0n4
111630,5q8
111667,95mlmo
111783,e8
111811,1905k
111819,45c
111828,18ykg
111873,zk
111881,pa8
111893,35s
111900,pa8
111961,45c
111965,1kw
111995,1kw
112022,e8
112052,1el8g
112062,8vnpj4
112088,95mlmo
112091,1kw
112237,18y68
112302,5j4
112317,3k
112343,3y8
112465,8ww3k0
112515,45c
112541,a0ao0
112552,8y4zr4
112578,8vn08w
112617,pa8
112624,8vn08w
112648,8vn1ts
112663,e8
112666,35s
112668,zk
112822,5mrk
112930,8vnpjc
112935,6bk0
112948,qo60i0
112953,zik0zk
112988,1924g
112990,8
112991,18y68
113025,18y68
113036,sg
113039,27wt1c
113045,4xs
113130,8
113133,3cy
113192,8vn08w
113235,zsjmdc
113358,9zle0
113378,9zle0
113504,dcpgjk
113575,9zlds
113707,9zo5c
113872,5ma0
113938,8vn08w
114060,74
114093,sg
114113,1og
114130,18ydc
114139,8vn08w
114143,8vn08w
114165,8vn08w
114282,1z4
114340,3r4
114341,35s
114400,8vn08w
114422,8vn08w
114491,8vn08w
114499,8vn08w
114508,8vn08w
114831,9zlds
114937,zik0zk
114940,5mdc
115333,74
115382,4xs
115507,5q8
115607,95mn7k
115763,8vnsow
115860,1kw
116088,pa8
116277,1kw
116598,9zlhc
116611,b3jrb4
116614,282dc0
116636,5ma0
116648,sg
116792,pa8
116872,1kw
116900,27xgg0
116905,am2gw
117432,pb4
117469,8vnpj4
117476,pa8
117478,pa8
117509,e8
117549,74
117551,9zlds
117586,8vn08w
117674,pa8
117802,9zlds
117925,9zlds
117989,9zlds
117996,sg
118022,18e7qww
118044,9zlds
118074,9zlhc
118161,pa8
118196,pa8
118278,e8
118283,zik0zk
118284,e8
118287,8vn4lc
118292,8
118303,9zls0
118309,157bpk
118317,18y68
118324,18zr4
118330,18zr4
118397,pa9
118413,18zr4
118492,pa8
118534,sg
118535,sg
118538,8
118689,35s
118732,lk
118841,8vn08w
118847,pa8
118850,zskbnk
118940,e8
118997,74
118998,8vn08w
119028,18zy8
119031,8vnsow
119037,pa8
119044,pa8
119066,5m9s
119085,18ylc
119115,35s
119120,pa8
119150,8vndog
119164,1924g
119169,6bnk
119183,18y68
119211,pa8
119213,5r7k
119223,9zlds
119228,3cw
119234,pa9
119235,3d4
119269,13yebk
119272,18y68
119277,pa8
119286,pa8
119296,t8g
119301,8vn08w
119355,35s
119366,35s
119369,191c0
119434,zik2kg
119537,74
119549,9zlds0
119557,8vnpj4
119581,pa8
119622,74
119905,1s0
120091,e8
120095,19og0
120186,13yebk
120189,pa8
120205,pds
120211,zik1a8
120241,sg
120306,8
120443,1f9xc
120518,1kw
120565,2dc
120610,8vn1fk
120629,1ds
120630,95mo00
120651,e8
120705,74
120706,sg
120710,9zy0w
120785,pag
120834,pa8
120977,13ydj4
121026,zik0zk
121236,sg
121257,sg
121279,sg
121280,9zlekg
121324,sg
121385,13yebk
121398,sg
121402,35s
121404,8vte68
121406,ba4g
121411,18zy8
121474,sg
121477,sg
121481,8vn08w
121483,18ydc
121528,8vnpj4
121532,1kw
121570,8
121577,b8nc
121686,14ac5c
121756,35s
121958,9zlds
121985,35s
121986,1kw
121988,zjsz5s
121990,74
122011,gvls
122043,18ydc
122077,18y68
122088,zsjmdc
122115,18y68
122116,e8
122153,4cg
122155,9zmdc
122223,sg
122258,18y68
122361,zik0zk
122421,8vsmio
122498,18y68
122582,191q8
122635,3k
122675,q2w
122676,pa8
122694,8
122695,6ccg
122702,18y68
122797,e8
122835,1z4
122840,e8
122946,18y68
122994,8
123021,8vnda8
123252,18y68
123256,8vn08w
123261,2i0ao
123275,sg
123286,chhq8
123305,8vn0n4
123349,1ekg0
123397,13yebk
123497,1kw
123500,8vn08w
123503,13ydj4
123520,5m9s
123527,8vn08w
123551,sg
123628,18y68
123639,b3jrbc
123682,sg
123742,3y8
123921,8
123951,13yebk
124025,zik2ko
124028,zjszk0
124172,sg
124180,8
124182,zik0zs
124244,74
124286,b8jr4
124384,191c0
124410,pa8
124419,19q0w
124422,8vnpj4
124495,5oqw
124502,pa8
124517,pa8
124548,18y68
124550,1faps
124555,3cw
124559,4ftla8
124560,4xs
124673,8vn1ts
124700,9zlds
124701,8
124715,95mp6o
124732,19ngg
124769,360
124774,dbgjy8
124866,5m9s
124870,zsjmdc
124873,5m9s
124883,5ma0
124884,5ngo
124888,5m9s
124891,95s83k
124895,5nuo
124901,e8
124902,8vn3i8
124904,8vn08w
124909,35s
124911,35s
124983,w0
125019,191j4
125020,3k0
125069,8vn08w
125103,pa8
125165,1ekn4
125250,5m9s
125251,191c0
125314,27wv0g
125409,sg
125614,pag
125714,q2o
125735,18zy8
125745,13ydjc
125751,8vn0cg
125754,8
125760,9zlds
125781,74
125783,3r4
125850,13yebk
125858,8vnpj4
125868,13yeps
125918,8vn1ts
125931,74
126014,5n28
126114,35s
126203,18y68
126214,pa8
126252,74
126281,pa8
126321,sg
126337,9zlds
126341,9zlds
126360,95mn7k
126412,6gao
126413,5o8w
126414,sg0
126417,8vn08w
126421,5m9s
126422,3yo
126516,2kg
126528,e8
126530,e8
126534,pog
126540,3r4
126542,eg
126552,e8
126557,e8
126600,13yebk
126610,3k
126625,1s0
126638,pa8
126643,w0
126656,8vn3sw
126659,e8
126664,4jk
126665,16o
126666,8vn08w
126673,3k0
126681,8vn0n4
126683,eg
126687,8vn3sw
126692,e8
126699,e8
126710,18zcw
126711,8vn3sw
126716,phc
126719,19o1s
126729,3cw
126737,zk
126751,74
126767,8vn0n4
126796,8vn280
126956,18y68
127032,8vn1mo
127048,8vn2f4
127074,95mm0w
127076,pog
127098,e8
127108,1ds
127128,e8
127142,lc
127156,e8
127160,8vnqps
127177,pog
127181,1ds
127182,e8
127187,1ds
127188,eg
127189,3r4
127191,8
127194,5ngg
127202,16w
127349,zik0zk
127457,74
127554,74
127573,6bk0
127610,18ykg
127679,1kw
127766,1z4
127768,8vn08w
127769,18zr4
127813,9zlds
127822,b8jk0
127828,35s
127837,74
127987,zk
128011,1kw
128042,5m9s
128063,18y68
128105,8vn095
128219,5mgw
128220,45c
128223,8vn4e8
128229,sg
128295,74
128304,8
128375,sg
128488,phc
128502,8vsmio
128897,so
128899,13yebk
128900,3y8
128901,sg
128904,sg
128905,5m9s
128906,sg
128907,5q80
128909,sg
128910,sg
128912,sh
128931,4qo
128969,5qx4
129078,8vn11c
129085,w0
129092,5ny8
129096,9zlds
129129,8ww1kw
129236,8w3v28
129358,pa8
129363,9zlds
129386,8ww1s0
129444,3cw
129473,3r4
129476,45c
129505,1924g
129513,8vnpj4
129515,74
129554,5n28
129561,e8
129579,8
129580,8
129585,8
129586,18yko
129588,3yg
129592,8
129593,pag
129604,8vn09s
129627,sg
129646,zik0zk
129670,8wvyf4
129674,13z668
129679,268
129688,5n28
129693,74
129725,18y6g
129753,74
129788,13ydj4
129868,5xc
129893,4cg
129930,8
129990,8x1l34
130041,zik0zk
130108,2dc
130119,8
130142,1kw
130158,1kw
130164,sg
130172,35s
130257,143zsw
130345,2hwco
130353,9zq4g
130360,3cw
130365,3r4
130369,35s
130382,9zq4g
130394,35s
130485,35s
130616,157bpc
130756,96vocg
130765,13yebk
130963,18zrc
131015,18y68
131075,35s
131090,8wvym8
131094,18y68
131095,8vn08w
131096,8vn08w
131098,35s
131101,8vn0n4
131102,3cw
131109,35s
131161,1og
131163,18y68
131171,5m9s
131209,35s
131225,5mo0
131248,193wg
131275,74
131303,5mdc
131305,8
131323,9zlds
131324,9zlds
131326,8vn1ts
131327,13yq68
131444,zsjmdc
131480,e8
131505,18z5s
131506,8vn0g0
131561,pa8
131574,18zr4
131589,e8
131664,5nuw
131667,74
131694,18e71fk
131708,8vsni8
131709,8vn3i8
131728,8y4wlk
131731,8vn3eo
131756,8vn08w
131758,39c
131789,q2o
131821,5m9s
131827,r9k
131933,8ww000
131951,8vn3eo
131978,16o
131996,8vsnwg
132014,8vso3k
132091,9zlds
132098,q2o
132154,8vn08w
132214,1el8g
132407,8
132529,pa8
132553,8
132563,8
132764,13ydjc
132921,74
133078,8vn0n4
133089,5mgw
133179,5q80
133372,5m9s
133450,8vn08w
133542,1kw
133731,pa8
133734,qmx0qo
133794,74
133829,8vn08w
133838,1kw
133964,35s
134098,74
134158,9zlds
134209,8vn08w
134270,sg
134277,8vn0nc
134293,13ydj4
134294,sg
134414,13yebk
134424,sg
134425,5n28
134497,9zlds
134578,qwwm4g
134602,96vjsw
134631,8vsmio
134712,e8
134883,35s
134936,8ww2yo
134983,35s
134999,5m9s
135057,18yyo
135082,8wvyf4
135208,5q4g
135209,5mdc
135213,w0
135217,39c
135343,q9s
135490,mj28
135492,lc
135560,35s
135566,5m9s
135617,e8
135853,si
136109,5nuo
136111,4qw
136180,8w3v28
136181,pa9
136184,8w3v28
136397,a57nk
136401,sg
136501,sg
136514,4qp
136515,8vsmio
136537,zik0zk
136550,5m9s
136589,sg
136605,35s
136610,8vnqps
136641,1kw
136643,1kw
136647,13yfwg
136746,8
136747,1kw
136834,9zr01s
137162,74
137174,74
137179,9zlds
137192,18y68
137203,b8jk0
137206,95mn7k
137326,8
137438,8vn0n4
137576,8
137582,8vy8sg
137609,8vn08w
137616,8vn18g
137648,9zn9k
137704,1s0
137710,18y68
137745,8vn1fk
137841,16o
137939,18o6mmg
138049,e8
138055,e8
138110,35s
138141,b8jk0
138171,e8
138199,1z4
138285,18y68
138292,zikq9s
138335,w0
138387,1kw
138399,9zlds
138409,8vn08w
138410,e8
138512,8
138584,35s
138651,18y6g
138655,74
138662,74
138736,8vn094
138741,8vncw0
138803,74
138812,8
138927,phc
138935,74
138949,e8
139018,e8
139173,1924g
139208,1440lc
139279,e8
139286,e8
139304,6bk0
139316,8vn08w
139336,18ydc
139337,18y68
139341,8wvyfc
139352,18y68
139393,18zr4
139394,18y68
139395,8wvyf4
139396,8x2br4
139434,74
139435,74
139440,ao
139449,74
139503,8vn11c
139606,18y68
139607,8w9khs
139634,35s
139895,7c
139915,4ftjwg
139955,e8
139956,8vn08w
140032,1em0w
140082,8w9hj4
140126,18ykg
140138,35s
140189,35s
140191,sg
140206,35s
140310,8
140436,74
140497,8vn0n4
140540,am2gw
140554,13ydj4
140559,35s
140561,zik0zk
140576,9zlds
140579,q2o
140597,8vn08w
140676,zik0zk
140678,27wrk0
140682,9zlds
140748,3k0
140757,191c0
140776,lc
140790,5yx4
140803,5mo8
140804,360
140808,7c
141050,1eku8
141350,13ydjc
141573,sg
141655,so
141658,8vy8sg
141660,sg
141737,8vn08w
141796,95mlmo
141828,b8y0
141834,191j4
141835,zk
142021,lc
142023,74
142027,74
142031,phc
142033,74
142208,a599c
142281,pa8
142310,18yyo
142419,74
142920,3d4
143029,pvs
143039,8y4wzk
143045,1kw
143155,5m9s
143182,8x1kow
143223,8
143424,9zlekg
143556,4fti4o
143558,95mlmo
143559,tfk
143798,hraps0
143812,3cw
143850,1kw
143863,3cw
143891,a0ao0
144028,so
144128,8vn0g0
144143,mk8w
144244,5pj4
144300,4pt3i8
144303,8wvz7s
144304,4pt534
144334,dbgidc
144456,8vn08w
144559,9zlds
144583,9zlds
144723,8vn08w
144752,8vn08w
144779,35s
144904,w0
145115,su8
145416,18ykg
145466,sg
145581,8vn3eo
145602,19qmg
145692,18y68
145707,192c0
145769,74
145808,1kw
145838,8
145840,5pfs
145866,phc
145918,3qups
145919,95mlmo
145922,13yebk
145988,8vn1fk
145996,5ma0
146020,8vn1ts
146071,18y68
146096,pa8
146099,eg
146143,5reo
146155,19nk0
146163,pa8
146164,8vnqf4
146227,5mgw
146258,6ccg
146310,q2w
146468,9zlds
146509,13yebk
146596,35s
146680,35s
146690,2dc
146710,1kw
146714,pog
146721,8
146743,35s
146752,35s
146774,27wsn4
146795,13yebk
146799,4xs
146805,96vk74
146844,8vsnb4
146854,lc
146889,bbsw
146918,9zlds
147031,36o
147034,1eoe8
147038,pa8
147043,8vnpyg
147045,8vn1ts
147049,pa8
147051,6by8
147078,1s0
147094,so
147128,18y68
147265,8
147266,13ydj4
147359,8vnpj4
147396,5pfk
147462,1s0
147483,8vn0g0
147485,pa9
147487,8wvytc
147518,8vn08w
147573,pa8
147697,1kw
147846,8vsohs
147881,18y68
147998,zik0zk
148004,8y51j4
148028,9zlds
148118,9zlds
148153,sg
148208,pa8
148231,8vn08w
148252,3y8
148262,sg
148344,5mdc
148345,3k
148355,8vn24g
148365,3s
148367,41s
148368,tmo
148372,2hzig
148376,w8
148396,8wvz0o
148455,3z4
148485,9zlds
148489,8wvyfc
148550,8vn08w
148597,e8
148607,9zls0
148657,5n28
148666,96vn5s
148682,18y68
148734,sg
148751,8vn3eo
148754,e8
148907,3k
148928,zk
148955,8wwo3k
148967,rnk
149231,74
149237,2dk
149249,b98u8
149444,b8xs
149446,8vn5ds
149498,8vn18g
149516,8vn08w
149518,e8
149526,35s
149532,18y68
149540,8ww1s0
149551,eg
149577,9zls0
149579,8vn0qo
149652,ppc
149716,8wvzsw
149717,18y68
149721,18y6g
149729,96vpc0
149752,8vn4zk
149829,8vngg0
149928,b8jy8
149946,35s
150076,8
150482,1l4
150568,8wvyfc
150711,8
150746,9zlds
150948,74
151189,5n28
151197,95mlmo
151205,18y68
151470,18ydc
151505,8vn08w
151582,pds
152176,18zr4
152241,3k
152317,pa8
152642,5m9s
152651,5ngg
152733,8vnpj4
152962,9zlds
152963,pa8
153022,e8
153033,b8jk0
153065,8
153067,8
153084,pa8
153108,1kw
153190,1kx
153207,8wvyf4
153236,74
153237,1kw
153238,7c
153427,18ydc
153555,pa8
153582,3s
153637,n6gw
153657,4ftjpk
153661,pag
153664,1kw
153667,8vn0g0
153678,8vnpj4
153739,pa8
153754,8vn08w
153880,5nuo
154059,74
154147,pa8
154169,8
154171,e8
154199,e8
154209,eg
154287,5n28
154319,8wvyf4
154351,8
154396,pa8
154414,8vn08w
154578,pag
154819,6bk0
155025,157bwg
155054,1kw
155158,5m9s
155202,5mdc
155395,191j4
155396,18y68
155423,9zlkw
155469,18y68
155597,8vn1ts
155761,8
155806,5m9s
155960,3k
156115,s3cw
156116,3k
156128,zsjmdc
156140,3bv4lc
156384,8
156487,e8
156496,8
156501,18z5s
156617,fsw
156618,eg
156639,2hwqo
156721,1kw
156722,b8jk0
156779,pa8
156808,74
156814,74
156934,sg
156941,9zlekg
156990,pa8
157003,9694ao
157036,18ydc
157058,8vn280
157113,8vn08w
157160,8
157175,8vn08w
157368,sg
157373,zikqdc
157391,9zlds
157396,8
157484,18ykg
157490,13z3ls
157491,e8
157495,16o
157500,1z4
157501,8vn4lc
157506,13yebk
157507,3k0
157509,16o
157535,8vnr40
157539,1kw
157543,8vn1ts
157588,8vn08w
157635,pa8
157672,hraqkg
157849,zj6l8o
157897,18y68
157993,8vn08w
158022,8vn08w
158057,74
158104,5m9s
158118,8vn08x
158380,18y68
158397,18y68
158419,8wvyf4
158427,18y68
158463,35s
158488,18y68
158516,18y68
158534,3k
158594,9zlds
158623,sg
158697,13yebk
158700,sg
158703,sg
158764,sg
158791,74
158795,74
158799,8
158810,2i23k0
158816,13ydj4
158849,74
158863,74
158865,9zlds
158946,8vn08w
159026,5pts
159088,pa8
159098,eg
159100,18y68
159142,18ydc
159239,q2o
159288,8vn3eo
159337,35s
159372,1924w
159382,8
159471,q2o
159522,pag
159622,eg
159668,b3pdkw
159692,1dxzpc
159706,1kw
159718,9zmyo
159773,35s
159778,35s
159839,8vncw0
159844,pa8
159883,35s
159902,35s
159908,8vn08w
159957,9zlds
160080,8vn30o
160139,1kw
160217,1s0
160222,dllqfc
160241,pa8
160285,dbh7nk
160344,35s
160357,191c0
160361,5nuo
160380,9zm6g
160431,5m9s
160438,8vn128
160471,35s
160482,cn4
160506,g3k
160512,8vn08w
160560,35s
160567,8w9ix4
160668,3bw83k
160736,36w
160910,18ykg
160929,pds
160938,sg0
160943,pa8
160954,6bk0
160963,pa8
160968,pa8
160971,pa8
160986,35s
161011,8vteyo
161056,pa8
161060,pa8
161072,pa8
161204,pa8
161251,1kw
161282,8
161314,5m9s
161549,6bk0
161658,8
161869,2rk
162029,1ds
162038,18ydc
162056,74
162074,74
162079,1s8
162101,3k
162261,5nuw
162395,8vn08w
162434,pa8
162532,18y68
162569,35s
162571,8vn1ts
162652,4ftibk
162672,5m9s
162812,pa8
162819,18y68
162952,zik5qg
162957,35s
162959,5pts
162961,35s
163048,35s
163053,8vn4zs
163062,35s
163086,191j4
163216,35s
163222,35s
163223,35s
163489,35s
163568,3k0
163582,35s
163639,8vn3eo
163647,35s
163654,1s0
163656,13yebk
163663,5m9s
163683,35s
163724,6bk8
163738,1kw
163744,sg
163847,a57nk
164013,8vn08w
164015,18y68
164055,74
164091,35s
164108,35s
164145,cqo
164230,e8
164231,35s
164236,1z4
164254,9zlds
164265,q2o
164277,6ps
164292,zipn9c
164451,eg
164477,74
164478,lc
164487,9zlds
164534,360
164658,3k
164693,27wr60
164705,18y68
164759,mk8w
164770,45c
164771,4cg
164785,13ydj4
164816,74
164897,5pts
164904,e8
164912,1z4
164913,193bc
164925,8
164937,1z4
165007,zk
165008,74
165012,8vtc08
165331,pa8
165381,35s
165383,18y68
165400,eg
165402,18y68
165467,74
165513,36o
165531,35s
165711,8vn08w
165722,35s
165724,35s
165793,16p
165794,18y68
165825,zik134
165873,sn4
165894,35s
165895,35s
165900,35s
165975,8vsmio
166086,95mlmo
166237,9zoxs
166240,6ccg
166275,9zlds
166277,9zlds
166575,zik0zk
166591,1kw
166601,pa8
166628,18y68
166666,74
166677,74
166683,9zll4
166737,9zlds
166753,8vn08w
166959,8vsmio
167042,8vnpj4
167093,zik16o
167105,3ns
167165,18ydc
167216,8wvyf4
167228,74
167268,sg
167291,18zy8
167316,9zle0
167329,6by8
167342,5mo0
167383,18y68
167393,sg
167423,8vn08w
167444,35s
167472,e8
167491,35s
167556,18e718g
167721,74
167722,zik0zk
167727,191c0
167741,35s
167796,35s
167798,aw
167799,qgw
167850,5nnk
167859,8vn3eo
167895,35s
168063,8vnr48
168088,e8
168156,9zlds8
168157,45k
168158,1l4
168159,8
168163,8vn094
168166,8
168337,95mmf4
168408,8vn11c
168416,35s
168471,eg
168530,8wvyf4
168536,18ykg
168543,pa8
168678,pa8
168933,3k0
168942,4fz5z4
168943,8
168944,4ftla8
168957,4pt3ig
168959,4ftibk
168989,sg0
169006,18y68
169052,35s
169092,8vn08w
169179,35s
169249,3cw
169362,5m9s
169368,3k
169416,13ydj4
169460,8vn08w
169497,74
169511,qwwpog
169555,13yebk
169681,18y68
169801,sg
169841,35s
169873,8vn08w
169880,35s
169927,8vn08w
170238,8vn08w
170239,8vn08w
170321,13yebk
170322,sg
170344,w
170460,e8
170463,8vnpxc
170472,1ds
170478,8vn0n4
170481,3k0
170495,8vn0n4
170522,pa8
170527,q2o
170530,pa8
170544,8vn0n4
170620,i1f85c
170644,8vn08w
170646,27xhfs
170767,8vn0n4
170838,8vn3eo
170851,8vn08w
170895,8vn20w
170903,e8
170911,e8
170919,zik0zk
170927,8vnpxc
170929,8vn1fk
170934,8vn4lc
170938,e8
170953,9zle68
170961,e8
170966,e8
170976,e8
170986,pog
171043,18y68
171062,8
171068,18zy8
171069,8vn08w
171072,4pt534
171159,35s
171167,phc
171209,pa8
171260,13yebk
171307,35s
171336,8vn3eo
171362,phc
171376,b3kgow
171399,35s
171408,e8
171410,8x1l34
171412,8
171424,sg
171557,e8
171679,zk
171721,13ydj4
171820,5m9s
172015,74
172128,74
172142,18zy8
172163,8vn08w
172181,19340
172192,8
172202,5m9s
172333,e8
172565,8vn08w
172623,18y68
172802,9zlds
172974,9zlds
173405,hra22o
173483,sg
173491,8vnsow
173504,sg
173573,1kw
173589,1z4
173591,13z2tc
173617,18y68
173750,8vsow0
173804,13ydj4
173835,157da8
173859,3y8
173900,18zk0
174042,1kw
174094,16o
174196,1z4
174285,8
174344,8vn0u8
174488,4u8
174694,8ww1ds
174706,74
174733,8vn4zs
174835,8vn3sw
174842,18zr4
174915,8wvzm0
174984,8vn08w
175014,e8
175169,zik3cw
175179,8vn08w
175323,7c
175383,8wvyf4
175440,8
175446,2kg
175449,74
175597,18y68
175600,18y68
175639,e8
175709,6bk0
175722,19on4
175745,sg
175787,1s0
175792,6bk1
175836,74
175912,5ma0
175914,74
175961,b8xs
175988,8vn08w
175996,sg
176067,74
176072,8wvyf4
176130,35s
176133,74
176139,35s
176140,3cw
176285,8vsmps
176341,8vn08w
176354,8vn08w
176485,1fdvk
176514,360
176538,8vn08w
176553,zk
176570,3k
176591,zk
176618,9zlds
176936,8vn20w
176961,8vn08w
177031,8wvyf4
177032,8vn08w
177046,74
177065,8vn18g
177184,18y68
177321,9znr4
177452,74
177467,74
177476,sg
177547,4h82kg
177581,1kw
177688,zik0zk
177690,e8
177779,pa8
177818,18e718g
177843,35s
177847,8vnqio
177859,18zk0
177862,1440sg
177907,sg
177960,3k
177964,18y68
178107,ao
178187,74
178217,8
178219,5m9s
178313,e8
178314,9zlzc
178322,8vn08w
178335,9zlds
178400,95mlmo
178425,1s0
178459,8vnpj4
178469,hra22w
178540,e8
178614,8wvzls
178942,18y68
178957,9zlds
178987,1kw
179184,8vnqx4
179308,18y68
179350,18y68
179408,e8
179451,sg
179454,8vn08w
179467,13yf48
179481,5nuw
179634,a0ao8
179635,pa8
179638,6bk0
179643,hrarcw
179757,35s
179806,e8
179860,8ww000
179895,120w
179896,mtqg
180017,9zlds
180137,8vn08w
180189,18y68
180218,8
180337,a0dts
180767,287zpk
180805,9zojk
180843,5ma0
180907,5m9s
181006,18e71fk
181112,74
181118,zik2kg
181136,35s
181177,9zlds
181337,3k
181339,1kw
181373,e8
181375,6cjk
181378,e8
181380,8vn30g
181382,8vn3sw
181410,8vn08w
181417,8vn08w
181469,5nuo
181477,8vn37k
181501,2hxxc
181547,19p8g
181579,sg
181687,sg
181767,3k0
181768,9zoxs
181773,18y68
181778,4cg
181779,5pfk
181781,18yyo
181783,8ww1kw
182108,18y68
182201,8vn30o
182216,18y68
182312,e8
182323,8wvytc
182381,a57uo
182392,3k
182395,8vn08w
182420,5ma0
182424,8
182446,8
182462,18y68
182468,18y68
182554,5m9s
182573,5nuo
182574,6bk8
182577,zik0zk
182579,6cxs
182581,95scu8
182582,5m9s
182618,5xc
182688,8vn2m8
182710,18y68
182711,8wwnpc
182712,l8ydc
182718,18y68
182720,18y68
182722,1ekg0
182816,5ma0
182870,8vn08w
182875,eg
182877,2yo
182887,8
182889,3k0
182891,5mo8
182893,191q8
182894,95nc3k
182904,1ds
182906,3k0
182909,5m9s
182910,5mo0
182912,zik1s0
182913,3k0
182916,e8
182923,8vspoo
182932,6fi8
182936,18y69
182956,8
182963,268
183031,3k0
183120,8vn094
183161,13ydj4
183288,sg
183293,sg
183298,13yebk
183299,sg
183302,sg
183318,sg
183321,q68
183334,sg
183383,8
183397,6d4w
183436,9zlds
183494,3k0
183538,1l4
183647,lc
183720,6cqo
183780,pa8
183836,8
183841,mww0
183945,18y68
184129,sg
184133,pa8
184171,4fti4g
184204,pa8
184218,74
184243,8vn08w
184381,pa8
184398,13yebk
184440,8vn08w
184473,e8
184491,e8
184528,4cg
184573,18yyo
184575,e8
184672,1ds
184767,5mgw
184816,8ww0e8
184892,4cg
184894,35s
184922,9zls0
184928,18y68
184932,8vn08w
184935,eg
184948,1ekg8
184992,18y68
185024,95mlmo
185077,pa8
185164,27xgg8
185191,1kw
185237,18y68
185245,a0av4
185566,5m9s
185570,8vsmtc
185593,3cw
185691,1kw
185699,pa8
185770,8vn08w
185817,5m9s
185939,e8
185966,1kw
186172,8vn08w
186186,sg
186228,143zsw
186233,eg
186260,pbc
186269,13ydj4
186368,19rep
186399,74
186499,8
186590,sg
186593,8
186644,13yef4
186664,35s
186704,5n28
186798,1kw
186848,8x1kow
186862,8vn0g0
186863,5ma0
186891,74
186901,sg
186922,18y68
186926,5m9s
186988,pa8
186997,8x1log
187015,aatxc
187024,9zlds
187047,27wvsw
187090,35s
187097,pds
187098,5m9s
187105,6ccg
187147,1og
187188,1ekg0
187245,5pfk
187283,5ma0
187293,5m9s
187298,5ma0
187309,8vn08w
187329,8
187384,35s
187392,e8
187491,6bk0
187492,pa8
187507,5m9s
187530,1s0
187587,8vo5c0
187622,zik0zk
187624,pa8
187697,18y68
187718,eg
187744,8
187759,18ydc
187798,8vn1ts
187809,8vsmio
187847,8vn280
187896,18ydc
187908,1l4
188077,13yebk
188131,3k
188157,3cw
188180,zik2o0
188312,8
188335,192x4
188338,a5aww
188436,35s
188470,8vn0cg
188498,3k0
188650,9zlds
188651,95mlts
188660,5m9s
188733,b8jk0
188838,74
188853,8vn18o
188854,74
188862,a0bkg
188888,6br4
188911,8wvyf4
188914,8
188915,eg
188930,e8
189047,157bpc
189070,8vn11c
189073,pa8
189151,8vn1u0
189340,35s
189410,35s
189441,74lc
189452,3cw
189453,191j4
189458,18ydc
189475,pa8
189485,9zlds
189516,8wvyf4
189640,8vn08w
189715,9zlds
189740,9znr4
189744,eg
189839,3s
189940,eg
190146,8
190185,18y68
190188,9zlds
190222,8vsmio
190263,lc
190268,8vn08w
190280,b3jrsw
190284,pa8
190289,8vnpj4
190314,18zr4
190333,zik1ds
190338,e8
190393,pog
190442,18y68
190543,18y68
190576,8vn08w
190633,5mdc
190634,35s
190685,pog
190780,e8
190786,e8
190804,4fz94w
190831,bymg
190909,1kw
190941,8vn1ts
191056,e8
191217,18z5s
191391,8vn08w
191395,5m9s
191407,8vn0n4
191422,q2o
191614,18e720w
191631,18y68
191829,8vn1u0
191830,5m9s
191891,6f40
191895,hs
191903,e8
191987,8x1la8
192009,74
192080,sg
192167,qv4
192169,pa8
192279,zk
192300,pa8
192347,zik1e0
192364,13ydj4
192409,8vn1ts
192492,e8
192557,13z2tc
192565,8vnqbk
192585,74
192605,1kw
192611,15cyrk
192616,sv4
192635,pa8
192637,pb4
192638,35s
192735,3gg
192736,74
192740,18y68
192765,sg
192766,13ydj4
192774,95mp7k
192801,qmx0qo
192875,8vss20
192985,5mdc
193004,pa8
193033,pag
193081,157bpc
193082,19ngg
193098,zk
193116,13yebk
193130,eg
193142,e8
193153,74
193256,eg
193289,8vn08w
193303,8wvyf4
193319,18y68
193464,9zlds
193469,2rs
193515,8wvym8
193592,2hwcjs
193593,13yfb4
193612,8vn1ts
193768,1kw
193782,pa8
193784,74
193830,191c0
193859,pa8
193867,13ygow
193877,pa8
193900,pa8
193928,8vn08w
193938,lc
193998,1kw
194005,19atc
194177,18y68
194205,8vn08w
194214,18y68
194218,e8
194330,18y68
194460,16o
194549,191c0
194638,pb4
194641,18zr4
194947,9zlds
194975,8
194998,3k
195051,sg0
195171,3cw
195246,pa8
195332,jz6yo
195335,35s
195488,zk
195604,74
195605,zk
195633,13yebk
195652,sg
195680,sg
195736,1f9xc
195762,18y68
195778,pog
195782,pa8
195810,9zojk
195906,9zm3vk
195910,8
196084,pa8
196095,19ngg
196139,q2o
196158,8vsmio
196227,9zrpc1
196231,pa8
196357,pa8
196435,13z3fk
196522,13yebk
196524,8vn3eo
196792,19ngg
196793,6bk0
196813,6bk0
196815,pa8
196829,6bk8
196834,pa8
196860,5n2g
196948,q9s
196961,1kw
197032,95my9s
197122,1s0
197126,8vnpts
197135,74
197149,18y68
197157,18y68
197170,8wvyf4
197221,1kw
197300,35s
197333,35s
197470,35s
197471,35s
197473,35s
197491,35s
197545,74
197602,18zy8
197613,18y68
197642,5p1k
197652,chhq8
197693,sg
197743,35s
197745,35s
197747,35s
197751,35s
197838,3y8
197852,8
197860,8wvytc
197880,18y68
197929,35s
197981,8wvyf4
198006,18zy8
198007,18y68
198008,19qtc
198015,2hxxc
198047,74
198053,18zr4
198067,13ygsg
198070,8vsnb4
198086,35s
198087,8vn3eo
198116,35s
198395,5m9s
198473,5mo0
198495,8vn11c
198513,282fpc
198516,sg
198589,8vtclc
198613,360
198614,hra0i0
198709,e8
198728,8wvytc
198736,8vn08w
198773,9zlds
198816,9zlds
198859,191c0
199099,18y68
199132,74
199248,191c0
199258,35s
199268,pds
199274,35s
199297,pa8
199299,8vn0g0
199301,8
199316,8vn08w
199321,lc
199325,74
199369,zk
199527,sg
199528,sg
199633,8vn4zk
199704,e8
199733,35s
199927,8vn3eo
199941,35s
199953,8vn3eo
199971,35s
199976,35s
200056,35s
200174,35s
200188,35s
200190,35s
200194,5pfk
200475,8vn08w
200512,q2p
200558,74
200651,mio0
200777,8vn11c
200779,9zlds
200782,sg
201040,35s
201135,6bk0
201248,8vsmiw
201311,b3kgzs
201497,hs
201574,sg
201671,zik0zk
201737,13z37k
201861,74
202035,e8
202228,4fu874
202278,8vn0n4
202318,lc
202591,pog
202788,143zsw
202886,3y8
202925,bxxc
202979,35s
202984,zk
203026,13yebk
203043,74
203074,zik0zk
203087,8y4y68
203123,pa8
203136,1kw
203323,18y68
203330,8wvyf4
203342,5ma0
203348,18zd4
203357,5m9s
203360,5ma0
203378,5mh4
203394,45c
203412,8vn4ow
203460,sg
203496,lc
203504,e8
203507,e8
203510,9zlds
203517,e8
203532,18ykg
203539,8
203540,e8
203617,74
203618,b8jk0
203654,18y68
203655,8xii9s
203716,1kw
203746,e8
203761,e8
203764,8vn0n4
203773,13ydmo
203778,74
203842,zik45c
203853,a58g0
203855,zik0zk
203938,5mo0
203961,a57ns
203981,5nuo
204040,zik0zk
204047,8vtbsw
204049,8vn08w
204069,8vn3sw
204072,lc
204102,18ydc
204103,zk
204111,8
204116,8vn08w
204155,9zlds
204176,8vn08w
204189,8vn08w
204198,8vn1fk
204201,8vn08w
204294,16o
204347,18yko
204585,e8
204987,35s
205004,a5wxs
205006,5pfk
205023,a5atc
205054,9zojk
205179,35s
205276,5m9s
205465,e8
205503,1ds
205550,eg
205551,8vn08w
205562,lc
205569,8vsoow
205587,e8
205657,8vn1jc
205677,35s
205760,5nuo
205809,8vn3eo
205927,8vncw0
205938,9zp4w
205940,6rd4
206040,18yyo
206050,35s
206225,so
206386,a0feo
206542,u0w
206717,1h9u1vs
206734,8vncw8
206740,8
206746,5ngg
206843,18zr4
206888,zik0zk
206912,e8
206947,8vn0u8
207006,9zrpc0
207014,sg
207015,8vsnbc
207037,sg
207074,zik0zk
207302,1ds
207487,1kw
207528,9zlds
207561,18y68
207571,18zr4
207578,pa8
207592,pds
207597,pa8
207623,8
207715,35s
207742,sg
207834,jz6yo
207877,zik4js
207917,45c
207924,74
207929,8vn474
208116,74
208166,4qo
208167,sg0
208172,8vn5ds
208244,sg
208379,sg
208469,zik0zk
208505,8vn094
208542,5mo8
208552,8
208681,8vn08w
208690,8vn3eo
208715,74
208848,8vn08w
208890,9zlkw
208934,13ydj4
209012,18y68
209019,8
209212,sg
209513,8wvym8
209574,8vn08w
209583,13ydj4
209649,2i134
209781,95mmf4
209933,8
209936,35s
209990,e8
210009,8vn08w
210081,16o
210088,18y68
210143,74
210146,18y68
210178,5q80
210348,gutc
210363,3k0
210528,3s
210689,zik0zk
210747,8vn1ts
211072,18y68
211107,18ydc
211251,191j4
211325,8vn2m8
211389,7c
211395,74
211397,35u
211474,e8
211637,eg
211727,9zlds
211847,8
211878,9zlds
212216,18y68
212229,8vn094
212372,8vn08w
212391,74
212415,95mlmo
212642,8vn08w
212718,36w
212723,phc
212804,eg
212829,sg
212832,8ww000
212847,sg
212862,74
212867,18ydc
212899,8wvym8
212923,18y68
212937,e8
213016,chhq8
213035,zsjmdc
213052,e8
213260,74
213268,5n2g
213368,8vn28w
213429,zsjmgw
213555,8vyadc
213595,74
213605,9zlds
213614,9zojk
213670,phc
213672,13ydj4
213751,pa8
213841,8vn0u8
213846,9zlds
213865,zik0zk
213975,zik0zk
213976,zik0zk
213980,zik0zk
214056,8vn14w
214070,18y68
214104,13yebk
214238,9zlds
214243,i19lvk
214250,3k
214252,a57nk
214257,9zlds
214316,18z5s
214346,6bk0
214441,1kw
214532,e8
214534,9zlds
214538,18y68
214621,1kw
214625,8vncw0
214666,sg
214715,9zlds
214770,18yrs
214775,18ydc
214798,5m9s
214838,8vn08w
214928,sg
215094,5m9s
215096,6bk0
215099,6br4
215114,eg
215118,sg
215122,18y6g
215390,368
215551,5m9s
215592,8vncw8
215599,pa8
215616,8vn3f4
215649,35s
215652,eg
215653,e8
215677,eg
215679,8vn1fk
215686,8vn0n4
215864,qv4
215876,18zcw
215977,e8
216118,191c0
216131,18y68
216179,35s
216181,pog
216240,9zlkw
216259,191c0
216375,360
216426,e8
216443,8x29z4
216463,8vn0g8
216464,74
216499,e8
216508,e8
216548,8
216564,13ydj4
216569,4jk
216599,35s
216603,8vn08w
216662,8vsmio
216714,e8
216804,pa8
216815,5m9s
216870,74
216872,35s
217033,9zlds
217069,9zlds
217111,8vsnb4
217115,1ds
217144,74
217169,8vn08w
217593,pa8
217656,8vn08w
217686,9zlds
217728,ao
217757,143zsw
217863,8vn08w
217879,hra0i0
217886,8vn0g0
217900,18y68
218058,e8
218067,35s
218085,3k
218087,sg
218118,lc
218140,sg
218233,5ma0
218299,pds
218306,35s
218352,8vn08w
218353,18y68
218431,18y68
220650,9zlds
220656,13i8
220722,18zr4
220755,sg
220793,a0dts
220805,74
220878,1z4
220969,8vn08w
221025,18zk0
221076,7c
221150,7c
221151,e8
221285,8vn08w
221309,74
221311,74
221315,74
221316,phc
221321,8vn0g0
221322,74
221540,4qo
221611,pa8
221624,q2o
221766,5m9s
221815,35s
221873,hs
221899,74
221958,zjt1c8
221992,9zlds
222209,5j4
222223,4ftla8
222320,2i1yps
222332,8vn08w
222805,b8jr4
222813,19pts
222825,4fz4e8
222830,4fz4e8
222838,8vn08w
222855,35s
222859,pog
222876,b3pdz4
222977,8vn0cg
223025,8vn08w
223029,18y68
223047,13yebk
223053,1s0
223068,74
223073,74
223225,5m9s
223367,1pszk
223560,1s0
223572,pa8
223725,74
223849,5m9s
223890,74
223917,18y68
223967,pa8
223972,hs
223974,sg0
223979,pa8
224044,35s
224088,9zlhc0
224256,8vsmio
224672,29bd34
224852,18y68
224884,s8w
225004,9zls0
225015,74
225020,lc
225043,pds
225055,mkn4
225083,8vn1fk
225122,18zk0
225151,18y68
225161,l85q8
225165,1vf9c
225236,13ydj4
225335,8ww1z4
225339,dbm4n4
225431,5nuo
225452,13yeio
225569,8
225591,e8
225593,74
225657,phc
225693,1ds
225742,18zr4
225744,13ydjc
225819,18y68
225873,8vn3eo
225961,chhq8
225963,8vn3eo
225984,19o8w
226005,74
226006,4xs
226009,pa8
226012,74
226025,35s
226049,13yebk
226070,cnc
226073,8vn1mo
226074,6ex4
226085,8vspog
226093,zikgsg
226097,pa8
226138,18y68
226141,18y68
226155,19ngo
226169,8vn08w
226261,74
226404,8vn08w
226450,bxxk
226524,6eps
226802,8vn1ts
226896,18y68
226968,sg
226973,sg
227035,19ce8
227039,a581s
227081,3rk
227084,pa8
227102,pa8
227110,pag
227183,sg
227239,8
227240,e8
227347,35s
227511,19ngg
227532,5ma0
227538,9zlds
227618,13ydj4
227676,8wvyf4
227805,74
227873,18y68
227961,74
228042,8vn08w
228206,8vn08w
228433,19ngg
228444,5pfk
228572,5ma0
228584,1s0
228604,35s
228645,8vtclc
228660,9zlds
228761,3cw
228885,mio0
228891,e8
228912,13ydj4
228917,74
228940,8wvyf4
228948,qgw
228975,pog
229004,13yeww
229005,poo
229006,pog
229007,e8
229012,e8
229081,18y6g
229263,13yf40
229604,5mv4
229616,3k
229625,cqo
229695,b3perk
229804,74
229817,95mosg
229853,eg
229854,18y68
229857,8vn1ts
229970,13yebk
230014,8vn08w
230058,35s
230066,e8
230140,b8xs
230166,2i7ojk
230221,e8
230336,3s
230361,8vn08w
230457,192ww
230541,q9s
230552,1dy22o
230611,35s
230746,b3jrb4
230784,zk
230826,35s
230921,8vn08w
230937,18y68
230946,9zlds
230985,8
231025,e8
231289,18y68
231306,4pt3i8
231354,dbgjy8
231378,5pj4
231387,9zlds
231572,8wvzeo
231586,pa9
231590,6bk0
231614,191c0
231712,8vn1ts
231724,9zlds
231873,9zlds
231941,8vn0n4
232093,9zlds
232096,18y68
232142,1kw
232144,pag
232219,8vsmio
232271,1e0
232320,pa8
232418,nabk
232454,sg0
232463,pds
232577,18y68
232848,8
232854,e8
232859,eg
232895,8vn0n4
232964,13yef4
233113,8vn08w
233124,sg
233782,pog
234006,e8
234029,pa8
234124,qmx2bs
234189,8vn11k
234193,qvc
234249,e8
234375,6bnk
234509,8vsqgw
234510,8vn08w
234523,3cw
234781,4cg
234787,18y68
234802,e8
234803,13yebk
234811,18ydc
234850,1441ds
234888,1kw
234918,1kw
235275,3s
235339,9zlds
235412,3cw
235413,35s
235540,8vsn40
235568,18zr4
235639,18zr4
235646,8vn1ts
235732,9zlds
235745,1l4
235755,a57ns
235767,13ydj4
235931,35s
236041,3k0
236045,e8
236168,8
236202,9zll4
236400,8vn0n4
236414,e8
236468,zik0zk
236471,8vn11c
236490,3y8
236510,13yeq0
236513,5n28
236537,8wvyf4
236541,18y68
236549,18y68
236590,13ydj4
236693,dbgjy8
236734,74
236783,e8
236886,18y68
236952,8vn08w
236953,sg
236956,7c
236960,18y68
236981,pa8
236997,18zr4
237000,18ykg
237125,8vn0u8
237162,pa8
237164,pa8
237226,pa8
237244,5m9s
237355,b8jk0
237468,18y68
237481,8vn08w
237617,74
237623,zik0zs
237641,1kw
237658,36o
237662,pog
237666,3kw
237669,1zc
237673,5m9s
237846,8
238055,8wvyf4
238056,1kw
238058,9zlds
238185,13yeps
238199,8vn08w
238223,8wvz7k
238266,1ds
238291,7c
238407,8vtcw8
238474,8
238486,3cw
238500,8vncw8
238537,35s
238584,e8
238585,13yebk
238595,5m9s
238626,e8
238630,1z4
238639,8vnqps
238654,35s
238716,e8
238720,13yfi8
238752,95mpds
238809,8vnqcg
238868,74
238947,35s
238950,35s
238977,35s
238981,35s
238988,sg
238993,8vn3eo
239099,35s
239647,e8
239733,8vsmio
239743,8vn0n4
239802,360
239934,35t
239941,hrwkqo
239949,sg
239962,sqo
240158,35s
240197,35s
240219,35s
240226,9zlds
240244,35s
240252,360
240274,pa8
240306,1924g
240360,74
240414,35s
240415,35s
240497,8vn0n4
240551,9zlds
240578,18zrc
240692,18zk0
240786,35s
240892,157c3k
240897,3k0
240900,95mltu
240934,35s
240958,35s
241007,95mlmo
241076,35s
241119,95mmtc
241163,zsjmdc
241229,1ds
241231,e8
241251,8vn08w
241324,5m9s
241347,8
241391,5mgw
241457,8vtbt4
241477,6eps
241481,5n2g
241500,5m9s
241501,5mrk
241527,35s
241641,18zcw
241889,4cg
241923,35s
242063,9zrpc0
242078,35s
242086,sg0
242089,hra0hs
242267,18y68
242272,zik0zk
242273,5p1c
242284,8
242295,1s0
242359,3cw
242497,74
242532,1s0
242548,18ydc
242606,so
242631,sg
242632,13ydxc
242638,8vn280
242661,qv4
242724,9zlds
242760,1kw
242808,8
242813,mk8w
242940,35s
243028,18yyo
243188,8vnpj4
243225,4v4
243239,35s
243541,19nnk
243589,sg
243606,6dj4
243633,157dag
243679,8vn08w
243714,su8
243725,8vn0n4
243760,74
243783,18zr4
243856,13z2u8
243878,8vn08w
243879,191j4
244165,zik0zk
244192,3y8
244221,8
244271,zikdmo
244275,191c0
244285,8vn08w
244338,sg
244832,1kw
244940,pa8
245014,8vn0g0
245021,zik0zk
245027,8ww008
245030,9zls0
245034,sh
245048,zik16o
245056,45c
245072,8vspoo
245078,4h39c0
245083,e8
245228,5nuw
245537,qgw
245744,phc
245805,5n28
245893,5nns
246197,5m9s
246204,74
246277,74
246291,45c
246309,8
246335,74
246579,n75s
246877,7c
246963,13yebk
246968,zk
247248,9zlds
247250,74
247366,74
247377,35s
247459,pog
247555,tnk
247589,9zmyo
247596,8vsmio
247652,3cw
247661,pa8
247672,1kw
247915,pog
248024,8
248045,13yebk
248054,9zlsw
248105,18y68
248219,8vn08w
248271,8vn08w
248330,74
248355,qmx0qo
248393,4fti4o
248395,5pfk
248454,zikq9s
248483,39c
248658,1441ds
248732,35s
248738,74
248763,8vn08w
248901,18y68
248903,8wvyf4
248932,zik0zk
248934,zik0zs
248999,pa8
249063,13ydj4
249089,sg
249102,2hwcg0
249121,8vn1ts
249126,3y8
249157,6d4w
249271,9zlhk
249303,5mh4
249356,sg
249360,18y68
249513,zk
249543,3s
249552,360
249565,16w
249570,pag
249636,e8
249730,3r4
249815,13ydj4
249873,sg
249952,8vnpj4
249994,190jk
250007,zik0zk
250010,pa8
250013,pog
250073,8
250138,8
250153,35s
250426,sg
250440,5m9s
250464,5mdc
250478,sg
250543,8
250573,8vso3s
250591,5ma0
250638,8
250686,14f8cg
250779,e8
250844,95mm0w
250845,74
250870,13ydj4
250907,9zmyo
251029,8vn0cg
251075,3k0
251079,8vn08w
251106,8vsnig
251295,pa8
251299,pa8
251302,pag
251303,pah
251309,13z2tc
251322,e8
251345,8vsmio
251664,sg
251680,268
251813,1z4
251845,2kg
251846,1s0
251848,5mgw
251876,q9s
251878,sn4
251885,5m9s
251892,74
251896,q9s
251897,74
251912,sg
251930,8vn08w
252345,3y8
252641,8vn24g
252667,74
252677,74
252689,bdjcp4
252755,5n2g
252767,35s
252922,8wvyf4
252986,5m9s
253206,8vn0cg
253290,8vn1ts
253316,8vn0qo
253341,sg
253371,9zlds
253574,5m9s
253677,sg
253734,9zlds
253765,5qfc
253819,8vn08w
253839,74
253842,eg
253892,74
254037,74
254249,8wvyf4
254254,8wvyf4
254290,ao
254934,pa8
254981,18zr4
254985,18e718g
255220,e8
255284,74
255294,pa8
255322,39c
255353,13ydj4
255440,b8jk
255450,9zojk
255451,9zlds
255469,3k
255473,27wu80
255474,282dc0
255488,74
255501,74
255508,74
255653,74
255729,8wvyps
255731,13yebk
255744,3y8
255748,5ma0
255755,8ww2kw
255838,35s
255892,74
255901,3cw
255906,13yr9c
255916,8vn11c
255928,18y68
255942,35s
255944,18y68
255957,8vncw0
255989,9zlds
255995,18ydk
256000,dbgidc
256120,1s0
256178,sg
256213,zik0zk
256267,8vn3ls
256339,35s
256358,8vng1s
256361,8vn56o
256429,74
256448,35s
256453,1kw
256567,dbgio0
256678,35s
256680,1s0
256696,18y68
256718,5m9s
256773,13ydj4
256866,sg0
256902,eg
256973,13ydj4
256977,190jk
257057,18y68
257062,74
257097,13ydj4
257366,3k
257376,18ydc
257388,18ydc
257448,190cg
257455,19o8w
257456,18zr4
257459,18yko
257462,4h3aio
257468,9zmyo
257474,360
257482,8vn1u0
257668,9zlds
257732,35s
257740,zik0zk
257751,35s
257785,8vn08w
257805,9zm68
257814,pa8
257851,8ww074
257937,zsjny8
257987,5ma0
258004,18yyo
258005,18zr4
258011,190jk
258015,8wvyio
258018,8ww000
258027,19tds
258032,18y68
258034,18zr4
258039,ps8
258139,8
258188,13yhhc
258216,sg
258254,e8
258267,8
258353,5m9s
258364,1eku8
258371,96vjsw
258374,7c
258475,18ydc
258478,1kw
258482,35s
258513,5m9s
258519,5pfk
258626,8wvyf4
258745,18y68
258827,360
258835,8wvyf4
258878,sg
258879,13yebk
258883,13z56o
258884,sg
258885,13yebk
258889,5n28
258912,13yebk
258916,13yebk
258919,sg
258923,zk
258970,3k
258987,1dxz40
259025,8vn0n4
259350,pog
259461,zik0zk
259849,9zlds
259881,am41s
259930,74
259943,8vn08w
259953,dbglj4
260053,qv4
260139,9zlds
260166,8vn30g
260229,9zlds
260301,9zlds
260316,b8jy8
260330,8vn08w
260370,9zlds
260393,8vn08w
260543,4pt3i8
260655,pa8
260664,5m9s
260672,9zlds
260677,9zlds
260801,1kw
260806,16w
260827,5qm8
260829,3s
260841,so
260846,hra0lc
261154,5m9s
261155,pa8
261459,18zr4
261502,74
261503,74
261504,qa0
261546,5ma0
261611,8vn3i8
261905,sg0
261927,18ydc
261963,eg
261988,19bls
262117,1s0
262226,3yg
262300,sg
262365,74
262391,74
262396,74
262474,18y68
262489,8
262521,35s
262523,4qo
262554,74
262597,pds
262608,8wvytk
262609,8vn08w
262613,5m9s
262688,8vn08w
262689,18ydk
262749,sg
262793,8vn094
262861,1kw
262939,3cw
262972,9zlds
262980,zk
262999,18y68
263062,1kw
263183,m8
263236,qgw
263267,8vn3eo
263361,6cjl
263380,8vnpjc
263482,74
263546,8vn08w
263553,5m9s
263557,18y68
263627,74
263628,8vn08w
263685,pa8
263727,74
263801,pa8
263804,qyo
263843,miv4
263856,zk
263860,18ydc
263903,8vn08w
263905,9zlds
263918,9zls0
263951,e8
263956,95mlmo
263962,9zlds
263963,9zlds
264014,8vsmio
264046,7c
264063,zik0zs
264116,5pfk
264137,8vn094
264140,4ftiio
264220,sg
264372,zik16o
264423,3k
264429,5m9s
264431,8vn08w
264514,35s
264567,5mo0
264576,3k
264748,5m9s
264796,am2gw
264848,18y68
264956,pog
265033,1kw
265078,45c
265088,35s
265127,pbc
265153,9zlds
265209,pa8
265254,pa8
265324,5m9s
265383,8
265471,sg
265504,e8
265542,8vn08w
265569,8vn0n4
265589,b8jk0
265625,6eps
265648,96vjsw
265763,5mo8
265916,8vn08w
266302,jz9xk
266359,e8
266768,9zleo
266775,1kw
266795,3cw
266807,74
266809,5nuo
267147,e8
267160,8vn3wg
267330,zik2kg
267356,9zlds
267383,9zlds
267420,74
267433,18y68
267556,18y68
267676,e8
268112,a57ns
268113,5mdc
268167,9zlds
268176,e8
268178,mk8w
268216,3k
268273,zik2kg
268327,pe0
268429,35s
268506,74
268555,8vn0n4
268620,8
268642,18ydc
268670,74
268946,74
268949,74
268957,5mgw
268958,74
269116,18y68
269171,8vn08w
269467,18y68
269503,8vy8w0
269601,pa8
269878,pe0
270051,e8
270171,sg
270188,193bk
270191,18zr4
270393,pds
270411,e8
270414,8
270541,pog
270901,4ftla8
270905,9zlds
270959,18y68
270988,13ydj4
271098,bb0o
271256,18ykg
271282,chjb5
271284,8
271335,8ww000
271438,18y68
271455,i2ikn4
271482,zik0zk
271495,8vn11c
271498,18y68
271743,5m9s
271773,27wsqo
271861,18y68
271966,8vn11k
271997,sg
272206,5m9s
272261,8vn3eo
272278,pa8
272539,13ydjc
272549,e8
272587,pa8
272622,16o
272631,8vn0nc
272636,1z4
272638,8vn3ep
272640,fc
272642,8vnqps
272679,7c
272706,5ma0
272812,6eps
272855,8vn154
272930,8vsmio
272999,sg
273000,9zlz4
273004,5ma0
273033,8vn08w
273132,6eps
273152,1s0
273236,zimxvk
273431,5m9s
273432,5m9s
273438,18ys8
273669,13z2tc
273738,18ydc
273945,4pt3i8
274340,1kw
274344,8vn08w
274347,7c
274461,144pvk
274484,8vn0ug
274536,1kw
274694,chmgw
274802,8vn08w
274839,8vn11k
274862,lk
274958,e8
275218,74
275249,pog
275303,5pts
275361,e8
275457,8
275512,9zls0
275590,sg
275682,360
275935,8vn08w
275956,9zle0
276002,5m9s
276030,18y68
276111,74
276255,8vn0n4
276337,8vn08w
276853,5m9s
276895,eg
276896,9zoy0
276914,13ydj4
277033,sg
277093,74
277111,18ykg
277114,9zleyo
277118,5p8g
277137,5mgw
277167,35s
277179,8vtfr4
277335,35s
277384,74
277533,74
277635,lk
277723,so
277777,zik0zs
277962,5m9s
278166,sg
278190,1dxyww
278296,74
278323,pa8
278332,pa8
278343,8vnpj4
278359,phc
278531,35s
278553,e8
278578,35s
278651,74
278654,8vn08w
278796,e8
278837,74
278992,74
279009,pa8
279064,pa8
279079,pa8
279152,9zlds
279215,8vn08w
279242,9zlds
279254,8
279455,sg
279457,9zowzk
279529,hra0w0
279570,9zls0
279869,1kw
280178,1vfnk
280239,191c8
280283,18y68
280387,ppc
280575,pa8
280700,8vn094
280701,95mlu0
280730,sn4
280795,18ydc
280813,13yebk
281252,27wr5s
281319,18ykg
281404,1fk0
281552,9zlds
281755,74
281769,sn4
281831,3quio
281917,9zlds
281919,1kw
281963,pvk
281989,74
282028,eg
282041,e8
282058,e8
282076,9zlh54
282144,sg1
282199,5o94
282250,hs
282349,pa8
282371,mha8
282388,35s
282406,74
282410,74
282411,74
282421,74
282429,zk
282483,9zlds
282520,5mao
282544,9zoqo
282560,8vn08w
282577,pa8
282654,18y68
282660,pa8
282694,74
282700,74
282721,1el1c
282722,74
282724,74
282727,1s0
282734,18ffzeo
282783,5m9s
282810,4xs
282820,1ekg0
282823,sg
282897,8
282900,e8
282927,8
283001,pa8
283060,35s
283127,e8
283130,18y68
283170,8vn0g0
283185,282dc0
283193,3k
283196,6c94
283214,3k
283223,8vnreo
283227,hs
283233,5pj5
283286,pa8
283489,74
283497,pa8
283528,3y8
283585,9zmyo
283602,1kw
283628,hra1a8
283735,35s
283863,19nk0
283871,pa8
283994,pog
284000,18y68
284010,pa8
284020,13ydk0
284035,pa8
284165,5n28
284177,6bk0
284248,pa8
284270,pa8
284321,b8jk0
284342,74
284430,74
284595,35s
284701,18y68
284724,8vn3eo
284727,zk
284730,t9c
284732,poo
284737,pa8
284769,pa8
284843,9zlds
284854,74
284856,8vn1u0
284857,zk
284876,5nuo
284883,18zr4
284884,74
285064,9zlds
285127,zik0zk
285322,7c
285323,pvk
285548,9zm68
285634,8vn08w
285771,74
285845,4cg
285862,9zlds
285868,9zlds
286005,8vn2mg
286047,3y8
286297,35s
286384,8vn1mo
286415,3r4
286596,pa9
286772,18y68
286779,phc
286849,74
286908,18y68
286919,13yebk
286949,3y8
287015,zsjmdc
287167,sg
287183,95mn7k
287188,pa8
287367,35s
287431,sg
287578,8vy8sg
287579,8vsqo8
287635,8vn5ds
287663,35s
287700,4qo
287717,35s
287792,zik0zk
287863,35s
287875,35s
287876,35s
287920,pa8
288005,1kw
288067,5mdc
288121,95s7wg
288225,e8
288228,5m9s
288230,pvk
288237,1zc
288240,9zlds
288241,e8
288248,18ykg
288251,e8
288253,1f9q8
288255,6cjk
288259,5n2g
288318,74
288340,pa8
288415,18ykg
288429,pds
288449,5m9s
288496,eg
288499,191c0
288506,191c0
288710,8
288721,9zlds
288858,8vn08w
288924,8vn08w
289059,zik0zk
289061,2hzi8
289075,18e718g
289087,35s
289095,zik0zk
289167,74
289182,pa8
289216,18ykg
289236,7c
289255,74
289257,74
289272,74
289286,74
289404,8vsmjk
289432,1905k
289433,e8
289446,45c
289510,8vspoo
289587,1zc
289590,9zlds
289592,qgw
289643,9zlds
289648,8
289713,8vn094
289802,zik1ds
289814,13ydj4
289835,pds
289846,sg
290017,4cg
290032,36o
290249,lc
290256,18ykg
290261,18zrc
290271,18y68
290273,1s0
290336,8wvyf4
290391,18y68
290532,16o
290533,lc
290537,360
290551,19nuw
290552,qmx2ps
290559,e8
290561,e8
290587,pog
290593,e8
290746,e8
290768,191fk
290774,9zlds
290788,q2o
290862,3k0
290951,8vn30o
291007,18y68
291110,8vn0n4
291111,18ykg
291124,8vn08w
291140,9zls0
291178,8vn0n4
291200,qgw
291222,poo
291247,74
291266,8vn3ew
291397,8vn08w
291399,8wvyf4
291400,35s
291417,lc
291422,3y8
291544,sg
291739,8vtclc
291750,8vn08w
291758,8vn08w
291939,18y68
291941,18y68
291947,cqo
291968,18y68
291981,18y68
292174,8wvyf4
292199,8vn08w
292203,18y68
292246,q2o
292356,5nuo
292366,8vn0co
292398,18y68
292417,q2o
292534,pag
292615,8
292772,4qo
292775,18zr4
292806,8
292808,5ngo
292812,8
292818,lk
292822,4ftiio
292837,9zlds
293168,9zlhq8
293169,8vnsow
293180,18y68
293194,6fi8
293200,a01z4
293210,fsw
293213,8vn11c
293228,8vn3eo
293231,9zlds
293247,8
293257,13yebk
293279,3k
293281,q2w
293325,5mdc
293385,124g
293388,74
293569,sg
293592,pa8
293603,8vn08w
293607,18y9s
293746,13ydj4
293759,8vn08w
293771,1kw
293829,9zlds
293944,9zls0
293998,8vn08w
294057,13yebk
294321,1ekn4
294502,9zlds
294525,8vn08w
294534,pds
294568,74
294730,zikdmw
294746,zik0zk
294767,8vn08w
294772,8w9hc8
294780,zik0zk
294791,pbc
294798,1eku8
294804,1ekg
294808,3cw
294814,8vn095
294853,9zlds
294873,e8
294876,zik0zk
294894,74
294895,e8
295024,8vn1ts
295059,18y6g
295060,pag
295065,74
295183,2nnd4
295313,6cco
295327,18y6g
295330,13yeio
295331,45c
295360,74
295400,18y68
295414,18ydc
295622,74
295624,5nuo
295630,rnk
295764,5m9s
295780,5nuo
295810,8y4wlc
295955,8vn08w
296356,eg
296359,e8
296366,zik0zk
296378,pa8
296397,pa8
296422,4cg
296428,pa8
296513,9zlds
296622,8vn1mo
296741,6bk0
296782,18y68
296783,9znk0
296787,8
296802,5ngg
296879,pa8
296903,zik0zk
296963,9zlds
296986,sg
297070,lk
297194,74
297212,16o
297257,157cow
297583,pa8
297645,35s
297693,5m9s
297784,18ydc
297786,8
297990,3s
298091,13yebk
298197,74
298477,zk
298575,74
298583,m8
298589,74
298635,360
298796,5m9s
298975,3r4
298976,sn4
298983,74
299400,18y68
300168,74
300309,1kw
300508,pa8
300532,a5atc
300538,i19lvk
300716,13yeio
301037,9zle0
301236,35s
301237,35s
301238,35s
301240,35s
301696,5m9s
301824,1vf9c
302215,q2o
302371,18z5s
302473,8
302991,18yrk
303116,35s
303140,95mozs
303219,6eps
303254,3y8
303259,19oug
303657,4jk
303939,8vsmiw
304144,35s
304250,74
304892,1kw
305415,zik0zk
305946,18y68
305947,5pfk
306024,sg
306166,8vn0nc
306191,e8
306330,8vn1ts
306382,8vn0nc
306462,8vn08w
306668,18y68
307052,pa9
307058,192ww
307094,13ydj4
307183,pa8
307300,8
307519,74
307781,sg
307800,8
307807,e8
307870,8
307924,8vnpj5
307939,18y68
308133,e8
308256,b8mtc
308265,2nimg
308278,8vn3eo
308279,35s
308371,18ydc
308431,8
308439,b8xs
308441,18y68
308541,9zlds
308552,2i2o3k
308560,8wvyf4
308632,sg
308801,45k
308989,74
309110,74
309180,35s
309393,6eps
309397,pa8
309400,q2o
309841,190jk
309944,5pfk
309980,8wvym8
310131,8
310458,35s
310527,35s
310662,pa8
310822,18y68
311044,74
311178,4qo
311287,74
311333,35s
311351,13ydj4
311489,8vtc08
311680,74
311739,9zlds
311867,18y68
312017,sg
312123,18y68
312218,5m9s
312239,so
312314,e8
312493,5m9s
312502,9zlds
312666,18y68
312678,8vn3eo
312735,4qo
312819,sh4
312862,3k0
312891,9zlds
313094,5mo0
313359,8vn08w
313477,35s
313691,8wvyf4
313741,zik0zk
313830,35s
313944,gutc
313968,18y68
314137,1f6x3c
314140,sg
314183,sg
314210,sg
314253,sg
314266,sg
314280,e8
314288,q2w
314295,q2o
314353,zk
314362,13ydj4
314366,sg
314367,1el8g
314384,sg
314398,pa8
314678,45c
314853,8vn08w
314875,sg
314915,5ma0
314940,e8
314944,b8jy8
314959,5n2g
314965,8ww1kw
314974,5ma0
314980,8
315063,35s
315095,8
315110,lc
315121,5pfk
315125,6by8
315128,5m9s
315129,5m9s
315131,q2o
315138,143zwg
315145,5mo0
315208,8vn08w
315211,8vsmio
315233,5mdc
315252,9zlds
315253,5mo0
315254,5m9s
315280,5m9s
315283,5mo0
315289,74
315291,8vtbwg
315310,1kw
315332,pa8
315337,8vn094
315557,9zlds
315561,3k
315587,8vn08w
315604,r28
315762,5mgw
315779,t8g
315850,35s
315852,191c0
315853,35s
315856,35s
315858,4cg
315862,360
315865,35s
315867,5q80
315930,zik0zk
315969,3y8
316111,622o
316125,16o
316137,9zls0
316264,gvsw
316280,zik0zk
316422,3s
316445,8
316551,5n28
316575,pa8
316750,3k
316760,zjszk0
316884,lc
316889,5pfk
316934,9zojk
317057,35s
317454,8vn08w
317467,zik0zk
317482,g00
317740,6bk8
317806,1444js
318077,8vn4e8
318204,pa8
318219,13ydj4
318257,mio0
318403,9zlds
318426,9zlds
318468,9zlds
318470,9zls0
318507,8vn0n4
318508,5ngg
318520,1z4
318523,1ds
318528,su8
318529,8
318707,36w
319160,3cw
319301,sg
319623,18zr4
319674,8vn08w
319745,zk
319859,134
319900,sg
320046,b8js
320141,8vnqio
320265,zipncw
320271,5mgw
320411,41s
320421,5mdc
320440,3s
320701,8vn08x
320722,18y6g
320748,96epds
321048,8
321070,pa8
321096,pa8
321135,8vsmio
321158,282dc0
321182,5m9s
321195,hrfmrk
321204,hrfpxc
321239,18y6o
321247,q9s
321528,5pfk
321647,fc
322065,2hwcn4
322075,27xgcg
322288,8w9hc0
322293,27wr5s
322305,3k0
322309,9zleo
322655,3kw
322702,5n2g
322798,am2gw
322873,8vn08w
322985,5n28
322989,hra0lc
323147,35s
323167,3cw
323379,8ww1z4
323704,tysqo
323710,9zlds
323713,8
323740,5o1s
323831,phc
323872,3k0
323874,3k
323910,5m9s
323934,3k0
323954,sg0
324223,sg
324278,pa8
324282,35s
324321,8wvym8
324341,8vn1u0
324344,6d4w
324351,v7k
324358,sg
324377,35s
324503,1ekg0
324690,3k0
324795,e8
324796,w
324803,8wvytc
324804,8ww1z4
324806,18ykg
324811,pog
324819,d1c
324851,pa8
324861,pa8
324882,5n2g
324921,5m9s
324946,74
324957,5yww
325223,18ykg
325443,18yyo
325887,a0ao0
325924,8vsr9k
325993,1dy268
325994,cqo
326029,6fi8
326030,5nuo
326031,6fi8
326200,18y68
326204,35s
326230,13ydj4
326300,5ngo
326329,5m9s
326330,5mgw
326363,18y68
326416,74
326701,5m9s
327126,1s0
327251,pa8
327402,8vn08w
327536,pa8
327755,8vsmio
327757,8vnsow
327863,e8
327911,zjt0qo
328264,8
328480,18ydc
328609,13yfi8
328658,13yebk
328784,q2o
328914,74
328943,8wvyf4
328959,5mdc
329145,8ww2yo
329517,qv4
329519,18zrc
329629,9zy14
329630,8vn1u0
329714,8vy8sg
329722,18zr4
329723,19ssg
329812,157cao
329813,1el8g
330060,zik2kg
330085,2dc
330126,mlts
330208,4qo
330223,pa8
330289,360
330352,74
330635,pa8
330659,6g3k
330871,8vn08w
330876,8vn08w
331057,5m9s
331059,9zlds
331282,5mdc
331362,pa8
331389,35s
331401,35s
331496,74
331498,191xk
331501,192ww
331505,74
331511,74
331560,5q88
331575,pa8
331726,8vn474
331739,bxxk
331779,q68
331840,8
332049,8vn08w
332134,e8
332179,35s
332220,18y68
332274,8
332305,e8
332340,13ydj4
332341,13yebk
332530,gutc
332560,eg
332593,18y68
332612,8wvym8
332615,18y68
332697,t8g
332705,q2o
332798,8vnsow
332889,e8
333004,8vn094
333014,so
333161,95mlnk
333175,eg
333241,q2o
333323,4ftjpc
333353,18y68
333355,95mn7s
333361,74
333383,27wrgg
333516,pa8
333633,18y68
333640,5m9s
333647,pa8
333694,e8
333802,9zls0
333913,18y68
334042,1s0
334186,pa8
334207,pa8
334213,pa8
334221,pa8
334222,4xs
334371,35s
334440,9zlds
334441,9zlds
334477,9zlds
334495,5ma0
334526,tmo
334538,1kw
334557,8ww000
334632,18y68
334802,i19lz4
334835,g74
334999,pa8
335003,pds
335103,pa8
335147,3k0
335191,zik0zk
335209,6etc
335216,74
335221,74
335225,13ydq8
335245,zk
335457,phc
335461,8wvyf4
335516,5pfk
335721,sg
335725,95mn7k
335733,1kw
335744,zik0zk
335993,pa8
336012,13ygox
336077,8vn11c
336125,360
336158,8wvyf4
336160,5m9s
336168,74
336307,sg0
336367,sg
336382,pag
336565,9zlds
336646,7c
336697,b8jk8
336704,35s
336747,1s0
336756,18y68
336828,268
336869,q9s
336960,35s
336974,8w9iww
337036,pa8
337066,74
337092,pa8
337243,143zsw
337284,13yeio
337310,35s
337333,i1ac5c
337381,35s
337516,8vn08w
337670,5pfs
337715,14435s
337716,35s
337725,4qw
337787,13yebk
337798,18ylc
337799,18y9s
337800,96vklc
337811,35s
337922,74
338032,6eps
338070,5rwg
338226,8vn08w
338285,3cw
338424,q9s
338425,3cw
338627,5m9s
338628,8
338629,q2w
338635,5n2g
338637,360
338651,8
338668,pag
338670,191c0
338672,5pfs
338673,8
338680,5ma0
338794,8vn08w
338962,13ydj4
339005,8vn094
339079,74
339314,q2w
339328,5ma0
339332,8vspoo
339337,5m9s
339340,5n28
339501,lk
339556,sg
339584,cqo
339699,9zlkw
339707,191j4
339727,8
339780,9zlds
339808,3cw
339816,3cw
339820,74
339829,qv4
339943,eg
340065,14
340070,35s
340151,35s
340166,pag
340172,5m9s
340177,eg
340179,1kw
340205,74
340251,8vn08w
340260,35s
340310,8vn08w
340321,sg
340322,q2o
340324,zik1s0
340325,6ccg
340328,16o
340329,zik1s0
340339,74
340343,8
340353,5pfk
340376,18ydc
340394,t8g
340444,1kw
340456,6ccg
340459,ziqcjk
340460,5ngo
340521,19ngg
340524,8wvyf4
340557,194hs
340700,pa8
340707,35s
340728,13ydj4
340745,3s
340791,5m9s
340853,hsiyv4
340867,74
340879,8vn3eo
340918,sg
340950,18yyo
340990,13yebk
341019,8wvyf4
341049,13yebk
341051,sg
341092,3y8
341110,18ydc
341227,sn4
341264,74
341272,mha8
341277,74
341278,74
341298,1kw
341300,8
341317,13z3sw
341393,e8
341396,e8
341424,zik2kg
341429,8vsnb4
341501,sg
341516,8wvyf4
341549,8vn08w
341647,8vn4lc
341680,1kw
341705,9zoy8
341710,pa8
342024,18y68
342039,pa8
342046,3y8
342048,zk
342098,8vn08w
342148,zjsz5s
342152,6d4w
342202,eg
342209,e8
342216,13ydxk
342226,pvs
342229,lc
342385,zk
342389,1e3lag
342405,sg0
342472,13yia0
342702,6bk8
342843,18y68
342877,3k0
342967,1f9q8
343052,8vn1mo
343151,zik0zk
343153,zik0zk
343273,74
343337,pds
343463,8vn0g8
343475,41s
343492,zik0zk
343537,zik4g0
343602,18y68
343749,9zlds
343945,35s
343953,4fti4o
343959,pds
343963,zik45c
344009,sg
344015,13yebk
344069,q2o
344072,3k0
344151,8vn0n4
344152,13yeps
344299,95mlmo
344381,tmo
344392,18y68
344393,8ww074
344395,8wvyf4
344457,4h2gao
344519,18y68
344565,9zlds
344575,e8
344576,f4
344591,e8
344592,e8
344596,18zcw
344598,pa8
344599,e8
344600,su8
344605,1ds
344607,8vn0nc
344627,18y68
344649,5m9s
344695,pa9
344830,qh4
344864,eg
344869,8wvytc
344886,e8
344888,e8
344892,e8
345061,18y68
345084,18ykg
345105,8vn08w
345189,sg1
345194,1kw
345323,8
345345,18y6g
345437,8vn0n4
345449,8vn0g9
345458,35s
345468,q2w
345473,191c0
345562,18y68
345577,8vy8w0
345590,5pj4
345591,143zwg
345654,8wvz0o
345700,b8n4
345746,pds
345748,hs
345760,13ydj4
345763,9zlds8
345780,pb4
345886,phc
345911,zk
346018,sg
346289,lc
346290,8
346291,18ykg
346314,16o
346315,13yebk
346332,pa8
346472,8vn11c
346478,sg
346482,13yebk
346483,5n28
346499,q2w
346546,eg
346551,pds
346561,35s
346562,35s
346567,sg0
346644,18y68
346647,5m9s
346707,13yebk
346766,3cw
346776,8vn08w
346779,3y8
346849,pa8
346853,pa8
346890,3y8
346903,8vn08w
347100,4ftiio
347138,13yebk
347204,18y68
347253,35s
347382,18y68
347594,eg
347595,e8
347619,13ydj4
347900,5pfk
347913,8vn0nc
348026,qgw
348039,18y68
348229,8
348425,96vk00
348601,35s
348623,sg
348756,8
348791,eg
348795,1ds
348863,8vsnb4
349066,2833ls
349300,3bv5ds
349418,18y68
349433,pa8
349443,18y68
349503,sg
349513,18y68
349536,18y9s
349567,5m9s
349570,18y68
349585,9zle8
349599,45c
349699,8
349701,sg
349719,35s
349826,18y68
349836,74
349856,74
349873,74
350219,3r4
350311,18y68
350357,pa8
350364,1s0
350828,zik0zk
351419,9zlds
351478,74
351567,5m9s
351691,13ydj4
351738,8wvyf4
351746,74
351749,sg
351750,18y68
351755,sg
351792,8vn08w
351809,74
351816,3k0
351837,8
351843,e8
351892,74
351955,35s
352017,eg
352041,16o
352392,eg
352393,pog
352559,18y68
352567,74
352599,9zlds
352811,8wvyf4
352815,18y68
352898,18y68
353032,qao
353037,9zlds
353047,18y68
353108,pao
353211,18yko
353365,e8
353366,su8
353395,e8
353399,e8
353403,8vsohs
353404,9zls0
353567,b8jk0
353634,e80
353775,8vy8w0
353785,18y6g
353796,35s
353826,n6dc
353892,pa8
353922,8vn3eo
353948,pog
354040,9zlds
354136,5pfk
354145,zsjmdc
354173,8vn08w
354214,8vn08w
354278,5pfk
354340,8vtbt4
354352,4cg
354361,4jk
354362,3y8
354482,8vn0nc
354587,a598g
354609,pa8
354613,13ydj4
354666,9zls8
354697,74
354726,e8
354741,1s0
354772,1kw
354814,191q8
354898,35s
354909,35s
355104,35s
355369,19nuo
355370,8wvytc
355479,35s
355496,18y68
355501,360
355566,8vn08w
355624,74
355627,lc
355628,74
355641,8vn0o0
355651,13ydj4
355689,p4
355761,1kw
355816,6bk0
355861,5n9k
355915,3y8
355998,5m9s
356044,1em0w
356081,8
356099,8wvyf4
356118,pa8
356141,t8o
356197,74
356236,13ydj4
357003,39c
357047,e8
357072,lk
357117,54w
357119,q2o
357125,18y68
357147,1924g
357148,18ydk
357153,18y68
357156,19ngg
357158,1vksg
357159,1kw
357161,18zr4
357162,18zk0
357163,18zr4
357164,191q8
357176,5pfk
357233,19ngg
357397,sg
357424,1kw
357498,35s
357565,zk
357656,sg
357658,sg
357662,sg
357701,8
357796,g74
357826,5m9s
357884,74
357885,zk
357917,zipnd4
357992,3k0
357995,35s
358003,35s
358008,35s
358021,5m9s
358032,5pmo
358042,8
358115,8vn0g0
358143,8wvz0g
358165,b8mps
358166,95mosg
358177,18ydc
358212,1kw
358250,7c
358422,3k
358504,6bk0
358507,1ls
358509,e8
358515,e8
358870,pa8
358948,8vn11c
358985,5mo0
359199,13ydj4
359210,18ydc
359233,1kw
359247,10mieiw
359692,5m9s
360140,9
360412,8vn0g0
360451,9zlds
360514,5m9s
360517,5mdc
360518,5pfk
360519,5ma0
360661,13ydj4
360711,5mdk
360791,1kw
361032,8vn08w
361065,6f40
361066,5m9s
361068,6eq0
361070,5m9s
361074,5m9s
361081,6bk8
361082,5m9s
361093,5ngg
361104,5pmo
361112,5m9s
361207,5m9s
361254,74
361256,8wvytc
361260,8vnqbk
361264,8vn08w
361504,18y68
361516,6bnk
361537,16g9vk
361575,8vnr40
361914,1ds
362086,74
362108,5ngg
362184,pa8
362291,8
362562,13yf40
362570,9zlds
362572,9zlds
362667,be5ts
362835,191c0
362842,45c
362844,9zlds
362977,14ljwg
363057,74
363178,35s
363205,sg
363223,13ygp4
363227,13yf40
363466,pds
363794,8wvyf4
364133,3k0
364135,4cg
364232,e8
364233,18yko
364234,8vn280
364237,18ydc
364239,18ykg
364240,26g
364244,8wvyf4
364245,5mo0
364257,9zlds
364258,q2p
364261,zik0zk
364299,8vn08w
364370,8
364405,8vn08w
364406,18y6g
364409,16o
364567,8vn094
364603,74
364827,13yeq0
364857,18ykg
364861,8vn1fk
364896,8
364938,hk3k
365108,4dc
365172,sg
365261,9zlds
365394,4pyrcw
365449,8
365451,360
365540,zjsz5s
365565,35s
365758,5m9s
365769,1og
365770,18zcw
365877,13ydj4
366045,fc
366143,9zlds
366278,18y68
366723,zik0zk
366729,zik1s0
366746,9zmyo
366930,qa0
366937,13ydmo
366948,8vn0g0
366974,3k
367255,1kw
367284,su8
367423,8
367464,191j4
367466,18ydc
367468,18y68
367651,18y68
367992,1442yo
368468,9zlds
368482,35s
368559,35s
368611,zik0zk
368612,8
368887,6f48
368891,sug
368982,4pt3i8
369081,74
369267,9zlzc
369316,8vsnb4
369319,143zsw
369384,8
369552,5m9s
369554,5m9s
369567,q2o
369653,5m9s
369674,sjs
369675,3k
369684,6fls
369962,5n28
370287,9zlds
370399,zik0zk
370563,1kw
370683,pag
370691,74
370789,pa8
370791,1eku8
370833,8vn08w
370834,8vn08w
370846,13yh34
370885,1kw
370997,1og
370998,zikq9s
371000,120w
371001,5yww
371002,5mdk
371003,13ye4o
371013,5pfk
371021,8vsqo0
371141,poo
371142,13z37k
371149,sg0
371150,eg
371174,18ydc
371245,b8jk0
371256,18e7400
371371,3cw
371436,4cg
371627,9zlds
371686,5mo0
371814,13z3ls
371816,e8
371851,a0em8
371856,4pt3i8
371936,5ma0
371967,35s
371996,9zlds
371998,74
372201,8vn08w
372240,5n5s
372246,1ds
372267,a5wxs
372445,191fk
372535,9zlds
372711,8vnpxc
372712,pog
372713,3k0
372730,9zlds
372809,35s
373187,18y68
373191,8vn08w
373300,18y68
373373,35u
373374,b8jk0
373433,eg
373714,e8
373899,35s
373916,9zm39c
374040,e8
374077,74
374081,74
374139,zk
374212,5m9s
374281,8vn0cg
374326,5m9s
374418,mk8w
374954,11xc
375137,8vnpxc
375376,18y68
375378,8xifi8
375382,18ydc
375383,18y68
375391,282eio
375434,13ydj4
375663,9zlds
375667,9zlds
375710,13ydj4
375755,9zlds
375816,35s
375856,95mzuo
375857,95sb28
375877,13ygp4
375881,d1c
375885,5ngg
376082,zik1ds
376175,18y68
376211,8vn0g0
376228,zsjmdc
376306,18y68
376441,8wvyf4
376445,zikdmo
376460,4fti4o
376486,1vf9c
376514,3cw
376588,4ftibk
376856,sg
377042,35s
377219,7c
377243,360
377387,95naxs
377393,16o
377468,282em8
377605,18y68
377641,8ww1z4
377665,2hwfls
377720,5m9s
378139,74
378293,74
378463,7c
378482,18y68
378710,sg
378883,pa8
378953,9zls0
378954,lc
378965,e8
379163,35s
379168,5o94
379181,9zlds
379198,1kw
379209,8w9hc0
379249,b8jk0
379315,8
379634,9zlds
379737,8
379807,3y8
379869,e8
379870,2hwcg
379979,5m9s
380349,9zlds
380350,3y8
380415,8vn288
380416,8
380598,74
380744,sg
380761,9zlds
380919,dbgidk
381187,hs
381248,pag
381348,1kw
381362,so
381430,zik0zk
381469,5n28
381689,8vn08w
381714,9zlds
381724,a0ao0
381753,q2o
381833,9zlds
381834,9zlds
381950,360
381963,5n2g
381967,qa0
381968,8
382478,pa8
382528,8wvyf4
382535,9zlds
382553,13ydj4
382554,sg
382774,35s
383109,sg
383153,1ekn4
383372,8
383638,3k
383807,18y68
384060,268
384280,8
384461,s45c
384553,pa8
384593,pog
384745,pa8
384859,3k0
384879,hra0i0
385105,lc
385271,paw
385394,35s
385639,8
385817,eg
385906,8vn08w
385918,so
386047,16o
386057,e8
386126,8vn08w
386164,5m9s
386315,e8
386446,35s
386455,35s
386541,3k
386552,13yh3c
386574,35s
386726,95mnls
386755,35s
386786,8wa7eo
386914,144s8w
386967,35s
387047,6bk0
387105,60hs
387106,12bk
387110,hsjny8
387129,74
387143,8vsmiw
387153,13ydj4
387160,95mn7k
387191,hra1ag
387197,5m9s
387234,mk8w
387331,sg
387378,18y9s
387626,t8o
387687,9zlkw
387745,3k
387928,zik2kg
388042,8yrdog
388125,74
388160,13z408
388165,16o
388171,13ydj4
388198,pa8
388220,5m9s
388236,18zr4
388266,8wvzls
388294,pa8
388359,8vn08w
388363,pa8
388382,35s
388409,pa8
388465,8vn0cg
388513,phc
388516,sg0
388545,18ydc
388548,18y68
388588,18y68
388795,e8
388820,8vnpj4
389253,13yebk
389624,9zlds
389837,35s
390125,5nuo
390159,35s
390160,35s
390177,13ygow
390179,18y7c
390304,35s
390368,zik0zk
390370,9zlds
390379,8vn08w
390478,18y68
390638,191dc
390664,b9fk
390667,8vn08w
390688,74
390823,74
391004,pds
391005,q68
391065,4cg
391192,8vn3sw
391376,f4
391498,8vn3eo
391555,8vsmip
391719,192bk
391720,1z4
391742,pb4
391766,pa8
391780,8vtbsw
391905,9zlds
391907,9zlds
392085,8vn474
392131,pa8
392163,pa8
392179,5n28
392516,35s
392538,35s
392545,360
392569,35s
392570,35s
392576,8vn1ts
392591,sg
392710,pa8
392757,sg
392763,sg
392765,zikr28
392767,18ykg
392768,q2o
392770,18zcw
392771,t8g
392773,13ydj4
392775,q2o
392777,18zd4
392810,8vn0n4
392881,3cw
392956,35s
392959,35s
392964,35s
392966,35s
393217,8vn08w
393238,5pts
393239,5mo0
393241,5m9s
393243,8vn08w
393321,13z2tc
393323,q2o
393325,q2o
393512,pa8
393565,8
393581,18y68
393621,9zncw
393699,9zldt
393804,360
393858,9zlds
393864,9zlds
394134,18y68
394152,35t
394236,5mhs
394285,74
394300,35s
394304,35s
394327,16o
394328,18ykg
394346,35s
394688,guww
394694,74
394872,8vn3eo
394903,8
394906,e8
394980,9zlds
395083,8vn3sw
395122,18ydk
395163,9zlds
395228,18y68
395234,8vn0u8
395236,3k0
395237,3k0
395239,sg
395242,8vn0nc
395512,3k0
395516,tmo
395522,19ngo
395523,8vnpyg
395632,1em0w
395659,9zlds
395671,e8
395676,w
395685,e8
395693,3k0
395695,eg
395805,35s
395862,8vn08w
396077,5m9s
396174,13yebk
396328,1s0
396333,8wvymg
396334,74
396340,74
396342,8wvyf4
396394,zik0zk
396429,18y68
396516,8vn3sw
396638,zik54w
396640,8vn08w
396841,8
396894,8vn0g0
396908,8vn11c
397033,3y8
397090,8wvyf4
397099,qv4
397171,18yko
397225,35s
397486,2nls0
397609,9zlds
397676,74
397896,74
398030,35s
398065,sg
398073,t1c
398163,g00
398184,zk
398324,18y68
398402,sg
398808,zik5xk
398886,cu8
398971,3k
399151,b8n4
399162,13ydj4
399369,13yebk
399383,eg
399434,sg
399543,3k0
399553,1kw
399775,74
399776,zk
399844,4h2gao
399887,3cw
399990,13ydj4
399997,143zwg
400131,phk
400485,3k0
400489,8vnsow
400536,w0
400542,3k
400544,3k
400546,pa8
400548,5mdc
400550,5mdc
400649,8vn094
400680,eg
400713,9zlds
400797,3k
400831,190jk
401173,q2o
401320,sg
401356,8vsnb4
401394,1kw
401521,74
401527,sg0
401529,zjt2bk
401530,18ydc
401533,18y68
401534,b8jk0
401535,18y68
401578,pa8
401604,mjgg
401624,74
401706,9zlds
401729,8vn08w
401732,3k
401836,eg
401920,35s
401922,9zpj4
401923,8vnt3c
401935,35s
402004,8vn0n4
402008,poh
402112,18y68
402117,e8
402193,35s
402581,35s
402625,9zlds
402733,zm
402825,1vf9c
402887,8vn1ts
403151,sg
403290,19ce8
403315,9zlds
403568,13ydjc
403673,5mdc
403692,3s
403808,pa9
403845,35s
403898,q2o
404260,35t
404384,13z3m0
404418,hrfq4g
404584,sg
404688,74
404839,zik16o
404841,zik0zk
404842,zik1s0
404846,zik0zk
404849,zik0zk
404950,pa8
405385,6ccg
405397,5mo8
405398,74
405399,8y4zrc
405568,pa9
405670,sg0
405679,8
405686,16o
405687,pa8
405689,pa8
405690,19ngg
405885,3cw
405892,5ma0
406008,16o
406040,tfk
406042,5pfk
406151,191c0
406560,sg
406609,8vtbsw
406614,6bk0
406625,35s
406632,5m9s
406634,13yeps
406635,sg
406638,sg
406640,q2o
406675,8wvyf4
406766,18y68
406806,9zojk
406973,pb4
407021,w0
407098,pa8
407265,35s
407745,13ydj4
407885,4qo
407907,8wvyf4
408438,5m9s
408471,74
408562,8
408563,8wvyio
408574,5m9s
408958,1kw
409106,8ww074
409153,eg
409344,5pu0
409490,8
409517,6bk9
409886,1ekg0
410059,e8
410158,95mosg
410183,18y68
410185,pvk
410225,16o
410425,16o
410436,w0
410649,n6e8
410708,sg
410897,5mdc
411287,6bk0
411295,18zk0
411537,5n28
411563,18y68
411662,18y68
411838,8ww000
411975,lc
412045,74
412085,e8
412092,e8
412095,e8
412363,74
412366,35s
412367,18y68
412513,3k8
412517,3k
412616,8
412638,i19lvk
412660,3y8
412669,18z5s
412671,e8
412688,8
412823,5m9s
412829,lc
412932,6by8
412935,5m9s
412937,5m9s
412941,5m9s
412943,5m9s
412945,5ma0
412953,6bk0
412959,5m9s
413032,16o
413039,16o
413112,lc
413118,18ykg
413220,sg
413262,74
413268,3k
413403,sg
413507,3y8
413565,360
413605,8vn3ew
413843,pa8
413942,3k
414908,16o
415035,pag
415194,pa8
415381,5n28
415383,18yko
415522,8
415525,18y68
415550,360
415642,18y68
415645,18y68
415646,1924g
415912,rnk
415970,9zlekg
416108,8vn0nc
416380,6bk0
416386,5pfk
416660,5m9s
416704,9zlds
417228,18e718o
417242,zik0zk
417278,eg
417346,3y8
417575,193wg
417913,74
417955,13ydj4
418071,8
418173,zik0zs
418219,2hwcg
418543,5pfk
418553,so
418557,282dc0
418559,2882rk
418560,q2p
418561,b9fk
418571,35s
418615,18y68
418651,8vn0n4
418658,e8
418659,e8
418660,8vn0n4
418661,8
418751,b8n4
419025,sg
419061,zik45c
419067,zik1ds
419597,8vn08w
419648,jz6s5c
419660,1kw
419672,9zlds
419723,hra0i0
419845,9zlds
419929,18yyo
419930,13yebk
419936,18y68
419999,e8
420002,qgw
420064,lc
420187,5m9s
420189,1ekg0
420196,18y68
420210,6ccg
420213,5mo0
420243,5n28
420465,8ww1z4
420808,sg
420884,1l4
420890,9
420931,157bpc
421045,9zlds
421637,q68
421710,8vn08w
421726,pa8
421768,35s
421873,35s
421935,zik0zk
422051,13z2u8
422203,8vn08w
422281,qmx14w
422355,c0zs
422377,1l4
422380,pa8
422460,74
422466,1s0
422721,3k
422763,13ydjc
422838,9zlds
422850,18ykg
422932,5m9s
422950,3k
422951,8vn3i8
423166,1s0
423197,3s
423436,sg0
423440,zk
423443,18ydc
423444,74
423604,8
423606,zik0zk
423609,8vsmiw
423744,3y8
423879,3k
424015,13yebk
424042,3cw
424043,18y68
424051,16w
424072,pog
424121,9zlds
424204,pa8
424709,e8
424784,18yrk
424881,19p1c
424900,so
425028,4h2ghs
425306,sg
425334,sg
425400,e8
425462,9zojk
425567,5m9s
425756,9zlds
425808,3k
425865,13ydj4
425902,sg
425918,1924g
426192,zk
426213,18y68
426280,5m9s
426325,18y68
426620,18y68
426624,1ekg0
426790,e8
426849,5m9s
427161,e8
427197,8
427568,sg
427572,9zls0
427605,8wvyf4
427693,e8
428050,1kw
428189,pa8
428563,13ygow
428746,zik0zk
428783,zik0zk
428786,18y68
428791,pao
428920,8
428954,18ykg
429014,sg
429070,18y68
429086,pag
429243,9zlds
429259,eg
429309,18ydc
429551,8y4y68
429563,8
429790,4fz4lc
429874,pa8
429901,lc
429915,so
429916,5m9s
429975,8vn08w
429983,5n9c
429987,1fny8
430190,zik0zs
430280,35s
430310,13yebk
430488,9zlkw
430503,35s
430579,96vk08
430761,18y68
430788,sg
430797,5m9s
431190,74
431422,w0
431561,pa8
431698,ft4
431755,3y8
431811,bdds
432090,35s
432092,35s
432112,9zlds
432175,5mdc
432281,pa8
432298,360
432403,8
432682,5m9s
432694,5m9s
432752,8vn1ts
432772,e8
432852,5m9s
432895,368
432958,18y6g
432960,8wvyf4
432982,13z62w
433049,8vn0g0
433105,8vn08w
433177,zik1s0
433181,3y8
433183,sg
433186,sg
433188,sg
433257,18y68
433358,18y68
433388,pa8
433584,35s
433818,sg
433976,zl7jls
433984,5pfk
433991,sg
434110,6bk0
434116,pa8
434207,sg
434223,13yebk
434224,q2o
434358,e8
434433,35s
434514,8
434675,5n28
434676,35s
434990,74
435213,35s
435228,35s
435331,18y68
435338,16o
435485,eo
435489,18y68
435492,eg
435587,mh3c
435648,t8o
435772,360
435796,pa8
435807,13ydmo
435808,1l4
436064,6bk0
436585,6eps
437392,8vn08w
437566,18y68
438001,zk
438202,18y68
438310,5m9s
438315,pa8
438682,3cw
439022,8wvym8
439072,3yo
439292,1enls
439343,8vn1ts
439459,4ftjpc
439465,18ydc
439497,13ydj4
439914,6eps
440371,13ydj4
440653,8vn08w
440658,9zle8
440953,5ma0
441098,9zlds
441170,8wvz0g
441287,1s0
441306,8
441385,35s
441422,1kw
441477,18y68
441515,35s
441892,3k
441986,sjk
442248,sg
442320,95mm14
442531,16o
442552,5mv4
442703,13ygsg
442805,74
442891,pog
442942,zsjmdc
443222,5mgw
443308,5m9s
443331,pa8
443710,pa8
443778,9zlds
443855,8
444208,q2o
444211,sg
444523,4cg
444725,e8
445126,35s
445517,18ykg
445616,3k
445939,q2o
446093,13ydj4
446106,74
446248,282dc0
446491,360
447052,74
447101,9zlds
447216,5m9s
447221,8vnrig
447257,9zlds
447661,45c
447995,13yebk
448028,pa8
448058,8vn1ts
448177,pa8
448258,pa8
448264,18y68
448344,74
448466,192ww
448470,18y68
448628,74
448632,e8
448705,6bnk
448844,74
448854,18e7rew
448920,18zr4
448981,9zlds
448983,9zlds
449151,35s
449496,74
449592,pag
449722,9zlds
449796,74
450050,16o
450108,8vn08w
450173,8wvyf4
450211,13yf40
450218,8
450234,pa8
450239,9zlds
450241,hra0i0
450417,3l4
450714,13ydj4
450790,18zr4
450936,8vn4lc
450958,8
451244,9zlds
451276,q2p
451353,8vn08w
451603,zl1xc0
451642,8vn08w
451677,5onc
451801,18ygw
451860,18y68
451906,pa8
452084,8vtbsw
452238,8
452296,8
452464,9zlds
452477,13z2tc
452607,hsiyrk
452877,18ykg
453016,pog
453376,eg
453594,16o
453704,zk
453737,pa8
453810,8vn08w
453824,16o
453864,9zojk
453870,pa8
454121,18y68
454238,74
454336,8
454386,8vn3eo
454567,8x1kow
454576,1el8g
454628,5m9s
454863,pa8
455016,9zlds
455127,5m9s
455181,74
455349,74
455661,q2o
456080,e8
456182,9zlds
456449,8vn08w
456492,sg0
456535,9zls0
456623,9zlds
456877,sg
457184,9zlds
457221,74
457244,1kw
457341,6bk0
457422,35s
457673,4qo
457728,3s
457736,5pfk
457743,9zlds
457931,3r4
457979,3k
458178,sg
458387,9zlds
458405,5m9s
458588,8vn08w
458710,9zle8
458715,18ykg
458734,5ma0
458777,5pfk
459128,35s
459151,35s
459463,zk
459467,8vn08w
459655,35s
459658,35s
459661,4qo
459763,35s
459988,35s
460245,13z37k
460378,8
460379,8
460629,eg
460651,8vn3eo
460654,e8
460655,5mo0
460848,8
460898,35s
460934,3k
460939,5q80
461019,35s
461496,191c0
461512,b8l4w
461595,zik0zs
461617,74
461629,8wvyf4
461701,4pt3i8
461790,e8
461833,3y8
461843,hra0ow
461883,1440lc
461903,18y6g
461906,mk8w
461937,18y68
461943,18y68
461951,8vn08w
461963,18y68
462086,8vspog
462250,192bk
462285,5m9s
462329,9zlds
462348,8vn0n4
462772,8vn08w
462823,39c
462832,w1
462833,3k
462837,3s
462838,pds
462977,9zmyo
463233,5m9s
463320,1kw
463527,5n2g
463600,e8
463603,16o
463605,16o
463608,e8
463610,5ngo
463611,1z4
463613,5mo8
463618,3k0
463620,f4
463665,3k0
463738,8
464195,sg0
464259,9zlds
464373,3k
464444,5m9s
464446,b3pgu8
464528,1kw
464530,1z4
464598,1enpc
464599,5n60
464906,6bk0
465408,9zlds
465555,16o
465565,35s
465606,8vsnb4
465715,13ydyg
465717,sg
465830,8vntvk
465836,e8
465858,9zlds
465955,e8
465967,74
466121,1kw
466268,35s
466298,74
466336,18y68
466452,1kw
466765,157bpc
466783,lc
466794,zk
466801,74
466802,35s
466805,18z5s
466807,74
466809,268
466810,1ds
466811,18y68
467232,3k
467236,3k
467243,zik0zk
467250,zik0zk
467426,pa8
467434,pag
467437,144p34
467486,18y68
467563,6fi8
467599,3y8
467623,18zd4
467632,e8
467720,ps0
467940,18y68
467992,35s
467994,35s
468002,sg
468066,4g0
468198,13yebk
468244,8vn08w
468249,t4
468260,b8l4w
468264,13ydj4
468301,zjt3wg
468309,5mgw
468323,18y68
468332,18y68
468539,q2o
469050,sg
469064,sg
469211,360
469669,lc
469709,zikq9s
469718,8
469781,5n28
469787,8vn3eo
469822,1enls
469860,sg
469949,pa8
469952,157bpc
469958,sg
469976,8vn0nc
470375,14kum8
470391,5pfk
470394,5pfk
470422,4qo
470594,pa8
470606,13yebk
470607,sg
470618,5mo0
470790,m73k74
470794,35s
470796,18y6g
470815,pa8
471004,39c
471055,pa8
471145,27wr5s
471148,8vn08w
471474,74
471582,18ykg
471621,8
471690,13yeio
471890,pa8
471936,sjl
472161,35s
472242,8vnpj4
472243,pa8
472249,pa8
472423,sg
473050,q2o
473080,sg
473169,6ccg
473201,8
474589,8vn094
474662,e8
474701,5n28
474800,e8
475188,sg
475208,360
475407,18y68
475410,35s
475411,16o
475412,8
475413,8vnpxc
475416,16o
475949,143zwo
475959,q2o
476102,8vn08w
476219,13ydq8
476237,so
476344,45c
476352,jz85c
476527,eg
476701,18zcw
476836,eg
476915,6bk0
477109,pa8
477460,8
477477,8vn08w
477758,sg
477930,9zlds0
478198,8
478317,18y68
478365,18y68
478573,6ccg
478940,18y68
479589,8vn08w
479638,18ykg
479643,1ekg0
479648,191q8
479649,1ekg0
479675,mh3c
479999,sg
480116,3y8
480267,74
480453,143zsw
480692,19o8w
480705,dbgidk
480762,5n28
480763,zk
480883,74
480975,18e7214
480987,sg
481084,74
481091,8
481116,eg
481117,5nuo
481128,qmx0qo
481171,8
481173,4qo
481244,13ydj4
481513,18ykg
481623,191c0
481627,18y68
481628,18y6g
481634,8
481675,4qo
481688,19p1k
481834,35s
482072,eg
482107,bbsw
482110,3k
482141,5m9s
482145,1f9q8
482573,pb4
482769,1z4
482802,13ydj4
482836,35s
482838,5mdc
483008,8vn08w
483046,pa8
483063,8vn08w
483348,4cg
483461,74
483495,8vn08w
483573,18ydc
483916,5nuo
483974,pa8
484387,13yebk
484547,13z3ls
484756,5m9s
484838,13ydj4
484873,9zlds
484988,lc
484992,e8
485395,15cxz4
485424,8vn11k
485582,5m9s
485583,5ngg
485584,5pfk
485585,q2o
485586,5m9s
485587,5m9s
485591,5m9s
485706,16o
485729,13ydjc
485960,e8
485963,lc
485965,pog
486031,sn4
486039,8
486043,5m9s
486046,pag
486049,16w
486051,8
486053,8
486078,3k
486083,9zlds
486132,1kw
486477,so
486604,5n28
486624,35s
486814,8vsmio
486832,1kw
486926,9zlds
487167,18y68
487417,13yebk
487421,b8jk0
487465,1924g
487466,18y9s
487469,18zcw
487474,1enls
487688,18ydc
487829,35s
487834,4qo
487843,35s
487850,q2o
487969,tmo
488052,35s
488362,zk
488626,74
488656,16o
488755,6bk0
488784,hra3r4
488785,39c
488935,sg
488996,35s
489212,18y68
489463,13ydxc
489611,35s
489893,9zlds
489929,5mdc
490223,lc
490224,so
490292,9zlds
490297,1kw
490307,sg
490309,27wr5s
490384,35s
490417,e8
490423,361
490426,eg
490581,pa8
490606,74
490884,5ma0
490967,3s
491039,mh3c
491296,2rs
491298,8
491587,9zlds
491589,9zlds
491598,18y68
491616,8ww0lc
491648,4qo
491693,191j4
491704,18y68
491705,a
491737,13ydj4
491890,3s
491966,8vn08w
492313,5m9s
492319,191c0
492556,9zlds
492634,8
492955,8vn1u0
493003,so
493513,phc
493593,8vn08w
493674,e8
493702,3k0
494236,3r4
494237,9zmkg
494586,e8
494880,zk
494954,9zlds
495441,13ydj4
495489,1kw
495601,18ydc
495621,74
495625,74
495629,74
495666,16o
495667,3k0
495669,mhhc
495752,phk
495920,zik0zk
496094,pa8
496270,5pfk
496357,8vn08w
496656,13ydj4
496706,95mm0w
496745,27wubk
496767,qw0
496857,3l4
496996,8vn08w
497175,eg
497291,3y8
497663,7c
498237,18zy8
498517,8vn08w
498529,8wvym8
498686,18y68
498862,pag
499721,b8jk0
499758,8
499759,b8n4
499859,1kw
500054,8wwnpc
500067,a5x54
500091,8vn08w
500689,16o
500972,8vn08w
501418,74
501709,13ydxc
501737,8
501743,5n28
501769,9zlds
502065,sg
502239,13ydjc
502245,8
502247,8
502298,8
502302,8
502670,9zoxs
502676,zk
502722,74
502821,3z4
502842,zik0zk
503035,8vn08w
503075,27wu80
503160,pa8
503162,pag
503212,18y68
503482,8vnsow
503619,35s
503638,5m9s
503640,143zsw
503679,sg
503680,sg
503688,13yebk
503733,sg
503740,eg
503743,sg
503749,sg
503770,16o
503795,sg
503865,13ydj4
503866,c29s
503871,39c
503881,sg8
503883,so
503975,18yyo
503977,sg
503980,sg
503981,sg
503987,5n28
503990,sg
503991,3cw
504072,18y68
504073,19ngg
504085,18y68
504087,18y68
504090,157bpc
504125,eg
504147,pa8
504148,3y8
504153,pa8
504209,35s
504215,q2o
504245,8
504259,8
504386,13ydj4
504503,8wvyf4
504581,sg
504849,so
505194,sg
505219,sg
505308,e8
505463,zik0zk
505652,5m9s
505653,15do94
505655,18y68
505673,74
505674,74
505675,5mgw
506009,e8
506189,sg
506248,74
506470,2dc
506948,8
507223,4fz5z4
507254,sg
507310,ba4g
507341,ppc
507344,e8
507345,pa8
507472,sg
507479,36o
507486,35s
507496,5mow
507700,sg
508153,8
508371,bbpc
508639,8vsmps
508780,8vn08w
508941,e8
509022,35s
509234,e8
509463,8
509802,8
510241,8vn08w
510310,hrqw3k
510396,74
510545,1kw
510782,4r21og
511021,74
511246,pa8
511401,8vsmx4
511534,w0
511550,sg
511802,13ydjc
511813,18yyo
511815,so
512344,35s
512352,pa8
512354,so
512385,5n28
512394,9zmyo
512913,18y68
512994,13ydj4
513031,74
513245,tc0
513963,5m9s
513970,13yeio
514120,8vn08w
514256,b8jk0
514285,5n28
514297,18y68
514304,18y68
514887,3k
514888,39c
514895,39c
515017,pds
515050,9zlds
515051,9zlds
515208,zjsz5s
515613,3k
515624,pa8
515638,18y68
515744,9zlds
516407,5n28
516716,35s
516722,9zlds
516749,9zlds
516751,9zlds
517284,zik0zk
517300,b8jk0
517376,8vn0n4
517753,74
517842,74
517894,q9s
518261,9zlds
518472,b8jk0
518505,pa8
518644,zk
518723,zik0zk
518943,8vn08w
519514,13ydj4
519731,143zsw
520060,9zlds
520073,9zlds
520405,8vn08w
520454,9zle8
520468,pa8
520492,3k
520530,191q8
520624,16o
520662,18y68
520815,8vn1ts
520840,74
520947,74
521127,8vn1ts
521407,3cw
521634,5m9s
521872,9zlds
521956,8vn08w
521964,t8g
522030,9zlds
522190,8
522245,pa8
522714,8wvyf4
522719,18y68
522784,45c
522833,zik0zk
522993,hrfmrk
523315,am2gw
523318,5r7k
523363,b8jkg
523476,3k
523850,18y68
523965,3k
523972,74
523977,18ydc
524000,74
524010,3cw
524081,3k
524210,13ydj4
524285,q2o
524315,18y68
524356,9zlds
524403,9zlds
524481,35s
524590,3k
524791,9zlds
524860,8
524925,8x1la8
524929,18ykg
525140,lc
525247,sg
525287,8x1lvk
525299,3cw
525438,74
525578,74
525602,18y68
525704,35s
525919,mhz4
526784,5m9s
526845,pa8
527026,8wvyf4
527276,pa8
527347,3k
527350,74
527425,sg
527698,3cw
527838,74
527896,143zwg
527966,5mgw
527968,zik0zk
528178,e8
528451,3k
528652,5m9s
528833,sg0
528892,sg
529223,5m9s
529646,18y68
530032,18y68
530157,8vnpj4
530173,pa8
530696,zik0zk
530737,8vn08w
530742,8vn3eo
530851,8vn0cg
531065,3k8
531277,74
531332,8vn08w
531350,9zlds
531637,3k
531677,sg
531679,sg
531829,74
531927,3k
531949,e8
531957,sg
532040,35s
532169,e8
532178,sg
532444,18zr4
532495,pa8
532539,pa8
532541,sg
532676,9zlds
532732,9zlds
532775,e8
532776,qgw
532826,1ds
532858,8
532905,8vn08w
532937,35s
533158,8
533295,pa8
533318,zik0zk
533566,1kw
533568,74
533662,sg
533738,3k8
533916,sg
534033,sg
534084,35s
534379,74
534435,8vn094
534473,18y68
534700,sg
534909,9zlds
535282,8
535469,8y4zr4
535551,6bk0
535834,eg
535927,sg
535955,192io
535959,13ydq8
535974,9zlds
536030,74
536081,18y68
536156,e8
536475,9zle0
536477,5mo0
536482,pog
536507,2rs
536508,qo0
536835,13yhhc
537127,e8
537382,zk
537477,18y68
537598,19o8w
537602,191c0
537762,74
537765,mk8w
537844,zjsz5s
537852,zik0zk
537854,zik0zk
537860,zik1s0
538045,e8
538281,9zlds
538566,8vn08w
538569,35s
538810,74
538874,18yko
538918,360
538954,9zlds
538964,5pts
538971,qgw
538974,3k1
538977,qgw
538978,9zlds
538996,pvk
538998,e8
539043,14kw74
539065,9zls8
539134,35s
539203,18y68
539232,e8
539252,18zr4
539436,zik0zk
539798,pa8
540056,zikqdc
540302,pa8
540315,8
540333,5pfk
540536,74
540664,16o
540941,41s
541134,5m9s
541231,6ccg
541537,8vn08w
541555,74
541628,w0
542525,3k
542586,sg
542654,27wr5s
542690,w0
542697,pe0
542762,b8n4
542796,3k
542819,18ydc
542858,5mdc
543051,18yko
543164,sg
543311,3s
543380,zik0zk
543382,e8
543387,16o
543499,5n5s
543501,282dfk
543529,1kw
543666,35s
543727,8vn3eo
543771,8vn3eo
543822,39c
544106,7c
544148,9zm328
544149,hra3nk
544586,b8jk0
544784,18y68
544895,18y68
544931,b8n4
545331,hrfmv4
545332,pds
545538,9zojk
545647,74
546176,35s
546186,18zr4
546212,9zlds
546213,pag
546253,zik0zk
546415,8
546532,zik0zk
546543,18yyo
546712,w0
546860,8
546880,3kw
547039,so
547187,18y68
547499,5m9s
547534,sg
547786,2hwcg
547985,35s
548028,19atk
548031,8vn08x
548111,74
548188,74
548193,18y6g
548254,eg
548270,8vn08w
548298,18y68
548348,6bk0
548470,sg
548650,eg
548716,1z4
548729,18yyo
549006,18y68
549027,18ydc
549034,18y68
549039,hsiyo0
549318,e8
549815,e8
549960,zik0zk
549966,8vn094
550106,35s
550108,35s
550116,35s
550495,zik0zk
550549,b8jr4
550550,18ykg
550580,pa8
550829,6bk0
550957,13ydxc
551001,13yebk
551085,5ma0
551505,eg
551695,zipn9c
551752,4ftla8
551981,18y68
552057,pa8
552223,5pfk
552425,74
552472,35s
552549,35s
552628,18y68
552655,5n28
552912,74
552955,5pfk
553062,18y68
553282,pa8
553285,pa8
553328,13ydmp
553663,1kw
553757,35s
553772,zl1xc0
553875,18z5s
553905,pa8
554251,2rk
554284,8wf3m0
554300,18y68
554389,1kw
554903,35s
555015,35s
555076,16o
555106,35s
555135,9zlds
555143,9zlkw
555146,9zlds
555159,9zlds
555500,74
555719,5ma0
555820,3y8
556038,13ydj4
556046,1kw
556385,3y8
556865,8
557147,74
557149,lc
557407,5pfk
557410,5ma0
557459,q2o
557610,e8
557612,16o
557613,e8
557614,pog
557939,18yko
558727,8vn094
559130,sg
559263,q2o
559324,5m9s
559327,5m9s
559328,5mo8
559333,5m9s
559794,sg
559979,74
560483,74
560593,e8
560694,sg
560725,e8
560903,18y68
561217,157bpk
561613,74
562030,191fk
562049,35s
562553,13ydj4
562702,5m9s
562734,8vn08w
562742,74
562948,poo
563137,74
563139,18y6g
563692,9zle8
563749,8vn08w
563812,3cw
563963,1ds
564305,35s
564449,5m9s
564451,1s0
564489,5ma0
564529,41s
564545,19ngg
564785,360
564795,35s
564890,18y68
564968,18y68
565093,so
565232,18y68
565406,9zle6g
565424,6bk0
565435,13z2tc
565436,5m9s
565531,13ydj4
565821,144075
565822,sg
565852,9zlds
565899,7c
566025,e8
566036,74
566043,5m9s
566271,8vsmio
566571,3k
566574,74
566615,35s
566677,190jk
566723,q2o
566799,sg
566802,13ydj4
566823,eg
566911,1ekg0
566931,6cqo
566965,18ydc
567023,9zlds
567129,13ygow
567151,13ydj4
567217,8vn3fk
567309,hs
567497,18zr4
567576,sg
567597,13yebk
567873,zik0zk
568005,sg
568006,sg
568157,zk
568158,74
568177,sg
568216,8wvyf4
568318,95mlq8
568333,35s
568362,8
568373,8
568535,zk
568559,3y8
568617,2hzi8
568693,16o
568696,e8
568698,e8
568701,e8
568702,zik1ds
568835,74
569031,pa8
569033,pa8
569140,e8
569349,296em8
569366,pog
569368,18y68
569375,18ye8
569376,18ykg
569383,pog
569384,3r4
569385,e8
569387,sg0
569388,e8
569389,e8
569390,e8
569457,pa8
569470,5m9s
569598,3k0
569632,b8n4
569663,w0
569777,8vn08w
569805,zik0zk
569845,eg
569866,74
569939,35s
570160,pa8
570385,8
570421,74
570423,9zlds
570466,8w9khs
570560,1kw
570597,5ma0
570781,8
570817,5pu0
571020,74
571271,fsw
571299,8vnpj4
571604,35s
571607,35s
571743,5n28
572051,3k
572265,5q80
572271,zik16o
572326,9zls0
572519,5ma0
572675,18y68
572818,95mlmo
572879,1kw
572919,6bk0
573775,74
573979,191c0
573981,8vn08w
574201,pa8
574385,5mrk
574495,bbsw
574569,pa8
574660,4pt3i8
574669,9zlds
574671,3k8
574772,74
574901,18y68
575367,5m9s
575375,1kw
575594,8
575693,5mo0
575716,18y68
575998,pog
576024,zk
576027,1kw
576028,lc
576033,8vn0n4
576121,16o
576314,5n28
576682,5m9s
577260,zik0zk
577394,5pfk
577455,5m9s
577486,74
577590,8wvytc
577816,5m9s
578292,5m9s
578391,16o
578392,pa8
578539,q2o
578680,pag
578804,5m9s
578872,e8
578920,3k
579084,8
579089,8
579263,e8
579284,b4sphc
579287,pds
579289,282dc0
579294,282ghs
579295,w0
579565,pds
579928,27wrgg
579930,3k0
580193,19ngg
580195,pa8
580276,8vnpj4
580434,8
580560,74
580657,5mo0
580747,1z4
581106,3s
581109,13ydj4
581121,18y68
581140,8wvyf4
581329,8vn094
581330,sg
581357,pa8
581429,8vn08w
581669,13ydxc
581670,sg
581672,35s
581675,sg
581678,phc
581781,lc
582074,9zlds
582131,5pfk
582232,9zlds
582353,36o
582987,18y68
583046,35s
583189,sg
583199,sg
583255,sg
583404,5pfk
583510,74
583699,pog
583917,8w9hc0
584083,zik0zk
584254,pa8
584769,sg
585068,jz6rrc
585082,4pt3i8
585264,18y68
585323,zk
585334,5m9s
585339,9zlds8
585550,so
585700,74
585711,5ma0
585949,35s
585950,zik0zk
585959,qgw
585973,e8
585982,35s
586232,1kw
586429,5m9s
586659,6bk0
586756,8vn3eo
586834,8vn11c
586853,191q8
586855,1ekg0
586986,13ydj4
587002,sg
587106,18y68
587298,3k
587335,5m9s
587458,35s
587646,e8
588020,8vnpj4
588260,9zlds
588426,3cw
588649,3k
588866,8
589013,1vf9c
589128,5ma0
589527,9zlds
589646,18zr4
589737,suh
589911,18y68
590302,18y68
590835,3k
590914,1z4
591193,t8o
591361,8vspog
591363,5m9s
591375,8vn0g0
591796,e8
591880,5m9s
591914,e8
591916,74
591949,13yhhc
592336,zik0zk
592351,18y68
592375,18y68
592387,pds
592400,8
592403,8
592534,pa8
592735,18yds
592924,8
592975,3y8
592979,e8
593320,e8
593415,5mdc
593482,268
593519,5m9s
593837,5m9s
593862,5m9s
594069,18y68
594227,5ma0
594505,35s
594926,18ydc
594991,8vn0nc
594993,e8
594997,e8
595650,4ftlag
595809,1924g
595940,5m9s
596122,74
596148,5ma0
596153,pa8
596240,e8
596446,sg
596881,pa8
597000,pa8
597432,pa8
597659,16o
597880,zik0zk
598101,9zlds
598399,8wvyfc
598491,5m9s
598577,q2o
598629,13zmha8
598765,74
598791,5ma0
598975,18y68
599203,95mlmo
599215,3k
599231,7c
599263,74
599419,pa8
599663,bc74
599686,3k
599879,3k
600041,35s
600481,8
600936,35s
601143,pa8
601495,5m9s
601577,35s
601852,9zlds
601883,18yyo
602105,5n9c
602124,4qo
602781,8
603149,b8jk0
603368,8vn08w
603864,13ydj4
603940,74
604008,3k
604320,pa9
604327,6o74
604359,8vnpj4
604777,8vn08w
604813,5m9s
605110,8vn08w
605144,5m9s
605184,19ou8
605266,8vn08w
605268,pa8
605396,295se8
605534,9zlds
605893,pa8
606050,18y68
606718,sg
606752,19ngg
606849,lk
606872,18y68
606967,8vn094
607034,lc
607144,1ekg0
607223,16o
607224,zk
607226,4cg
607377,1kw
607720,pa8
607814,9zlds
607854,35s
608172,360
608175,sg
608469,95mosg
608832,q2o
608889,5m9s
609361,1ekn4
609518,18y68
609556,sg
609692,e8
610083,74
610190,pa8
610335,18ydc
610336,18ydc
610400,pdt
610417,18y68
610428,6bnk
610429,5mdc
610431,pds
610440,3k
610442,41t
610581,sg
610649,13ydjc
610849,sg
611075,74
611195,hs
611426,74
611793,13yebk
612496,18y68
612517,q2o
612749,so
612826,4fu7eo
613192,pa8
613393,5pfk
613725,8vn08w
613781,5r0g
613964,8
614258,sg
614424,18y68
614464,9zlds
614603,sg
614742,8vn3eo
614898,9zlds
615033,5m9s
615302,18yyo
615350,phk
615642,4pt3i8
616340,5m9s
616341,18ykg
616344,19ngg
616369,74
616628,35s
616631,3cw
616885,8vn08w
616894,8vn08w
617018,2gw
617060,74
617074,phc
617081,74
617267,18y68
617408,8
617460,13ydj4
617520,9zlds
617679,18y68
617755,q2o
618086,5m9s
618341,35s
618350,11xc
618425,8vnpxc
618472,pog
618494,16o
618809,74
618813,74
618869,8vn08w
618898,8vnpj5
619461,e8
620072,8vn08w
620164,74
620217,hraps0
620295,6bk0
620313,3k1
620315,e8
620322,16o
620477,35s
620560,9zlds
620598,q2w
620832,5m9s
621436,9zlds
621802,pag
621965,360
621993,16o
622380,3y8
622461,9zlds
622801,8vn3eo
622988,74
623024,74
623040,35s
623072,18zr4
623095,8
623274,9zlds
623325,zjsz5s
623412,2hwcg
623521,74
623524,74
623553,9zlds
623561,1kw
623570,16o
623772,3k
623773,pds
624037,e8
624258,sg
624266,13ydj4
624340,9zlds
624548,35s
624690,su8
624751,13ydj4
624808,zik0zk
624913,8
624920,zik1ds
624942,5pmo
625014,74
625047,74
625142,8
625202,35s
625651,74
625654,5mgw
625655,74
625660,74
626475,zik0zk
626724,sg
626771,1cu0jcw
626888,sg
626913,3r4
626954,hra0ow
627068,5m9s
627163,eg
627183,18y68
627196,8
627205,8
627207,6bk0
627208,3k
627221,18y68
627222,zik0zk
627224,18y68
627226,sn4
627227,zik0zk
627228,19nnk
627248,sg
627290,74
627294,74
627442,q2o
627626,tc
627750,1ekg0
627936,3k
627939,8
628042,5m9s
628331,1l4
628366,3cw
628451,sg
628558,35s
628834,e8
629567,zjsz5s
629585,e8
629588,pog
629773,18y68
630990,74
630995,74
631002,74
631007,35s
631222,cu8
631404,18y68
631472,18ydc
631693,74
631821,zik16o
631904,5m9s
631927,3k0
631996,18yyo
632088,5ma0
632349,q2o
633056,18ydc
633306,74
633377,191c0
633454,pa8
633530,3y8
633650,13ydj4
633652,13yebk
633668,35s
633992,4cg
634023,zik0zk
634105,74
634131,74
634427,5mgw
634431,74
634461,8wvym8
635336,16o
635347,74
635645,pa8
635904,18y68
636093,74
636237,zik0zk
636601,9zlds
636688,74
636695,74
636703,74
637271,3k
637273,8y4wlc
637446,13ydj4
637669,8vn08w
637782,18y68
637792,18y68
637803,e8
637808,18y68
638235,74
638589,18ydc
638793,3d4
639246,9zlds8
639712,e8
639733,74
640026,5on4
640109,3r4
640428,lc
640432,5m9s
640692,9zlds
640735,8
641458,sg
641537,35s
642689,35s
642967,35s
643574,pa8
644032,55s
644244,1kw
644401,sg
644408,39c
644563,eg
644676,35s
644771,sg8
645137,zik0zk
645173,a57nk
645588,4h2gao
645589,18y9s
645682,9zlds
645686,sg
645774,pa8
645880,4pt3i8
646108,3k
646153,zik0zk
646189,13ydj4
646353,sg
646402,lc
646404,18y68
646478,8vn0cg
646658,sg
646677,18y68
646698,1s0
646704,5m9s
646707,5m9s
646733,8vn0n4
646738,sg
646740,74
646750,zk
646829,27wrgg
647280,13ygow
647484,35s
647787,8vn08w
648020,e8
648032,3y8
648046,3y8
648195,18yyo
648779,8vn3sw
649016,8vnta8
649020,16o
649022,8
649023,e8
649024,8vn0n4
649033,lc
649035,22w
649087,18y68
649261,9zlds
649303,9zlds
649317,95mmf4
649452,19onc
649490,360
650350,f4
650568,18y68
650712,5ma0
650863,zik0zk
650966,35s
650993,35s
651005,8ww1z4
651205,18y68
651269,a0asg
651580,9zlds
651735,pds
651973,e8
651977,5m9s
652270,9zlds
652275,hs
652332,18y68
652426,8vn08w
652537,3k
652797,sg
652803,8
652996,a59mo
653266,9zlds
653348,9zlds
653415,191j4
653610,5mo0
653725,5m9s
653776,9zlds
654117,9zlds
654234,pa8
654253,sg
654415,f4
654539,16o
654918,5m9s
654982,q2w
654986,8
655006,18zcw
655009,360
655012,eg
655021,8
655456,9zojk
655488,sg
655893,8vn094
655895,8vn08w
655899,8wvyf4
655902,8vn094
656132,5mdc
656316,8
656409,18y68
656441,8vn3t4
656681,bxu0
656800,5m9s
657155,18y68
657220,9zlds
657386,8wvyf4
657387,8wvyf4
657430,18ydc
657435,18y68
657742,35s
657796,zik0zk
657957,5mdc
658115,74
658269,74
658531,13ydmo
658533,i0
658534,hs
658536,1ag
658543,3k
658848,18y68
659089,zik268
659317,8
659415,35s
659459,q2o
659513,poo
659516,35s
659518,eg
659520,e8
659521,8vsmww
659542,pog
659543,e8
659713,18zr4
659804,hsiyo0
659813,q2o
660438,ao
660735,7c
660746,8
660860,4cg
660867,16o
661053,5n28
661140,9zlds
661145,74
661171,poo
661205,gutc
661207,sg
661208,13yebk
661427,5n28
662131,8vsmio
662208,8vn08w
662242,e8
662261,3cw
662327,18y68
662332,8vn08w
662338,9zlds
662752,35s
663237,360
663244,8wvz7k
663254,18y68
663264,sg
663424,27wr5s
663578,1s0
663581,qa0
663900,35s
665048,18e718g
665390,sg
665538,3k
666234,pog
666268,hra3nk
666539,18y68
666547,3cw
666551,8vn08w
666580,27wr5s
666616,9zlds
666943,zik0zk
666974,3k0
666977,6by8
667121,18yyo
667287,27wruo
667517,e8
667914,8vn154
667965,8vsmww
667967,e8
667991,18ykg
668183,5mgw
668207,fsw
668234,8
668235,zik0zk
668265,1ekg0
668267,l84xs
668268,16o
668276,6br4
668529,3k
668547,45c
668587,18y6g
668606,ps0
668951,35s
669000,8vn0nc
669219,18y68
669306,zik0zk
669366,sg
669380,qv4
669511,74
669956,18y68
670096,3k0
670103,18y9s
670116,6bnk
670681,18ykg
670683,18y68
670688,157chs
670710,18y68
670717,18z5s
670718,18y68
670840,sg
670845,3y8
670847,lc
670848,sg
670850,sg
670858,sg
670861,13yebk
670877,sg
670882,q2o
670883,13yebk
670969,8
671145,b8jy8
671572,18y68
671591,8vn095
671594,e8
671649,18ydc
671657,18y68
671735,5m9s
671738,5m9s
671799,35s
671915,191j4
672202,9zlds
672243,8vn08w
672597,8vn08w
672616,zik0zk
672803,8vn0u8
673071,pa8
673114,9zlds
673382,hra0i0
673429,9zlds
673432,8
673492,18yyo
673514,3k0
674241,8vn08w
674501,1kw
674612,8vn0n4
674798,18y68
674806,35s
674809,13ydj4
674921,pa8
675278,3k
675341,9zlds
675754,8
676042,74
676318,2kg
678075,8
678100,27wr2g
678194,13z340
678406,74
678479,pa8
678546,5m9s
678778,zik0zk
678991,18y68
679050,8
679423,35s
679597,5ma0
679754,35s
680806,so
681829,18y68
682032,3k8
682794,3k
683571,q2w
683620,5n28
683812,pa8
683828,8vn08w
683840,74
683895,8vn1fs
684062,e8
684159,8
684210,sg
684315,pa8
684348,18y68
684519,1kw
684998,4pt3ig
685106,8
685145,3k
685642,3k
685657,282dc0
685887,8wvyf4
686059,9zlds
686845,5m9s
686965,35s
687609,74
687617,9zlds
687626,so
687630,5ma0
687743,18y68
687800,8vn08w
688707,e8
688881,18y68
689505,74
689628,9zlds
689637,zk
690273,1vfgg
690429,pa8
690478,8
690799,pog
690993,8
691316,3k0
691482,35s
691786,pog
691841,e8
691892,pa8
691920,9zlds
692070,phc
692209,35s
692734,pa8
692737,pa8
693095,sg
693352,8vn3eo
693906,cnc
694186,5m9s
694509,lk
694928,18ydc
695121,18yyo
695310,zik0zk
695454,18z5s
696164,pa9
696181,so
696346,sg
696506,18ydc
696589,sg
696631,13ydj4
696849,hs
697144,n6dc
697149,95mlmo
697277,pag
697280,sg
697716,18y9s
697724,9zlds
697728,9zlds
698259,39c
698546,35s
698548,5jxl34
698560,36o
698678,5n28
698742,11qgs1s
699418,8vn08w
699442,35s
699592,18y68
699632,18y68
699704,18ydc
699783,3s
699980,8vn08w
700034,8vn08w
700078,13ydy8
700106,q2o
700998,35s
701011,13yebk
701021,sg
701055,5mdc
701057,sg
701226,3k
701325,18zr4
701757,pa8
701819,35s
701979,18y68
702441,e8
702869,5m9s
702911,18y68
703497,9zlds
703720,8vn08w
703772,5m9s
704156,1z4
704270,eg
705991,8
706024,pa8
706063,8
706166,zik0zk
706889,5n28
706963,3k
707159,8
707230,lc
707242,pog
707274,74
707447,40
707450,35s
707572,18ydc
707621,13ydjc
707809,360
707844,360
708072,3y8
708241,zik0zk
708265,e8
708410,8vn08w
708454,8
708678,3k0
709187,74
709215,74
709372,74
709380,74
709482,e8
709726,qkg
709727,18y68
709957,13ygow
709969,74
710004,74
710677,74
710679,74
710886,5m9s
710968,4fti4g
711337,18yyo
711338,18y68
711382,74
711517,pa8
711544,16o
711625,74
711969,qgw
711976,3k0
711980,e8
711996,pog
711999,16o
712086,8
712099,13yebk
712107,18ydc
712117,sh
712857,zsjmdk
713644,sn4
713787,e8
715510,5m9s
716276,zk
717118,e8
717199,zik0zk
717411,zik1s0
717585,b8jy8
718034,74
718115,1kw
718152,18y68
718303,6bk0
718307,8
718312,e8
718318,13ydmo
718756,9zldt
718758,9zlds
719209,5m9s
719442,e8
719456,8
719635,13ydj4
719652,zik0zk
719672,8vn094
719673,sg
720038,74
720162,pa8
720286,9zlds
720287,9zlds
720799,5m9s
721470,282dc0
721666,8
722375,3k
723416,e8
723487,8
723621,zik0zk
723733,18y68
723835,2nim8
724035,18zr4
724039,1ls
724104,pa8
724106,35s
724108,35s
724129,eg
724178,35s
724520,74
724529,8
724537,sg
724969,9zlds
725242,35s
725816,5m9s
725912,hra1a8
726014,zik0zk
726019,zik0zk
726033,zl1xc0
726034,zik0zk
726114,9zmyo
726472,18y68
726526,4fz954
726697,18y68
726701,19o8w
726721,1ekg0
727023,13ydj4
727081,8vn094
727089,so
727528,8
727569,9zlds
727747,8
728200,1kw
728262,1kw
728485,191c0
728734,so
728864,5ma0
728924,3s
729140,18y68
729264,sg
729266,9zlds
729781,zik0zk
729814,5mvc
729872,e8
730126,10miex4
730484,pa8
730581,pvk
730861,5n28
730893,sg
731491,35s
731899,1kw
732096,18ydc
732119,sg
732165,sg
732507,35s
733083,1kw
733410,8
733438,5m9s
733576,74
733579,18zr4
734487,13ydj4
734799,1h9u1hc
735051,18y68
735354,1kw
735568,3cw
735570,sg
735571,sg
735700,5mo0
735701,5m9s
737781,3k0
738476,5m9s
738478,5m9s
738774,8
739315,74
739438,18y68
739443,so
739477,b8jk0
739769,e8
740273,18y68
740498,18y68
740529,8
741090,35s
741142,7c
741238,sg
741257,3y8
741289,74
741292,sg0
741517,18y68
742063,8vn08w
742095,18y9s
742201,74
742451,5n2g
742506,18y68
742518,3k
742521,74
742770,1a8
742803,1kw
743091,8vn3eo
743122,8
743376,8vn094
743379,8
743381,8
743384,so
743386,eg
743387,lc
743395,pag
743413,sg
743498,16o
743500,pog
743515,e8
743533,e8
743587,zik16o
743589,74
743591,5n9c
743597,sg
743598,e8
743599,8vn0n4
743600,16o
743627,zik3cw
743629,8
744074,157bpc
744149,sg
744186,18y68
744416,9zlds
744728,sg0
744857,pa8
745173,e8
745178,eg
745181,16o
745191,sg
745200,e8
745202,360
745233,8vn08w
745461,1ds
746180,9zlds
746358,b8jk0
746554,13yebk
746695,4g0
746712,35s
746739,sg
746740,sg
746833,e8
746891,35s
746910,pag
747009,sg
747016,5m9s
747017,5m9s
747487,3k
747720,5pfk
747951,sg
748316,35s
748319,3y8
748382,283668
748445,8
748506,8
748601,5ma0
748804,5m9s
748807,8vn3eo
748939,zik0zs
749552,360
749559,8vn08w
750798,3k
750886,pog
750903,f4
750904,e8
751977,zik0zk
752442,18y68
752455,8vn08w
752778,b8n4
754037,95mlmo
756494,9zlds
756990,18y68
756991,9zlds
758845,zik0zk
760493,8
761326,zipn9c
763079,16o
763182,e8
764859,74
765743,5m9s
766258,l84xs
766412,e8
766583,74
766723,74
768380,e8
769063,3cw
770895,e8
775403,8
775535,8
775605,74
775709,zik0zk
775832,zik0zk
775981,8
776303,35s
776798,iv8ef4
776890,q9s
777005,pa8
780136,8
780147,eg
780548,360
780630,zk
782476,5mo0
782612,18y68
782630,e8
783396,74
785353,74
786436,e8
787151,pa8
787232,8vyz9c
787238,18y68
787618,3k0
787907,5pj4
787912,pog
788445,pds
788861,18y68
789082,e8
789252,pa8
789898,pa8
790245,b8n4
790992,sg
791528,18y68
792331,ao
792380,pa8
793099,5m9s
793509,9zlds
793873,3k
794349,e8
794758,e8
795274,5mrk
795738,6bk0
796213,pa8
796221,pa8
796297,pa8
796305,sg
796429,pds
796574,zik0zk
796726,3k
797572,4h2jnk
798043,pa8
798404,e8
798687,18y68
798927,18ykg
798929,35s
799899,3k
799986,3k
800175,9zlkw
800176,sg
800177,18y68
800925,w0
800948,360
800976,8vsmm8
800988,pa8
801420,13ydj4
801734,qgw
801754,f4
801886,5mdc
802513,3k
802515,hs
802726,3k
802747,e8
802997,8
804219,pa8
804661,18yko
804711,e8
804812,35s
804831,pa9
805054,3k
805056,3k
805714,tfk
805835,1ekg0
805886,35s
805908,e8
806168,e8
806793,e8
807128,e8
807165,e8
807386,19nk0
807689,e8
808475,18y68
808509,sg
808574,18y68
808578,5m9s
809498,pa8
809716,74
809880,3k
810092,e8
810093,e8
810096,19nuo
810108,pa8
810411,e8
810649,pa8
810895,pog
810909,e8
811544,9zlds
811778,18ydc
811779,sg
812625,35s
812654,e8
813137,35s
813437,5ma0
814268,18y68
814269,9zlds
814273,9zlds
814306,3k
814491,8
814976,e8
815078,pa8
815384,18y68
815652,18ykg
816308,e8
816580,18ykg
816585,pa8
816974,5m9s
817133,18y68
817180,e8
817612,sg
817665,18yyo
817700,9zlds
818252,8wvyf4
818448,35s
818495,18ykg
818880,35s
818888,35s
819215,pag
819566,e8
819590,74
819636,pa8
820146,eg
820241,q2o
820371,18y68
820374,sg
820474,8
822331,74
822458,e8
822958,pa8
822959,pa8
823231,16o
823486,3y8
825437,e8
825835,18y68
826224,74
829434,18y68
830108,pa8
830452,18y68
830890,e8
831161,74
831162,35s
833315,18e718o
834397,eg
834491,74
834752,74
834764,74
834899,8vn094
836441,191c0
836518,e8
836547,18y68
837329,e8
838236,pa9
840101,1kw
840149,360
840254,8
840674,18y68
840836,18y6g
841121,lc
842338,e8
842341,16o
842780,9zlds
842910,a
843397,9zlds
844373,zik0zk
844516,7c
844637,74
845289,sg
845321,sg
845566,4fti4o
845568,18ydc
845654,35s
845872,5mo0
846310,pds
847279,eg
847759,18ykg
847772,e8
848509,3yg
849410,1ds
849520,35s
851111,9zlds
851385,39c
851551,4pt3i8
851804,18y9s
852024,17k
852727,74
852953,5ma0
852980,9zlds
853110,13ydj4
854325,360
855015,pog
855134,pog
855256,sg
855308,3k0
855731,5ma0
856274,pa8
856592,18y68
857079,18y68
857818,8vn0g0
857830,74
857948,9zldu
858251,18y68
858259,9zlds
858712,zik0zk
858719,1bugw
859035,5m9s
859218,5m9s
859396,5mao
859951,sg
860051,e8
860992,35s
861410,8vn0g0
861981,3cw
862297,5jrwg0
862352,18y68
862554,18y68
862628,18y68
863741,sg
863759,pa8
863919,zik0zk
864112,5m9s
864121,18yyo
864306,360
864799,zl
865682,pag
865993,sg
866001,9zlds
866246,sg
866247,35s
866250,5pfs
866328,5m9s
866579,pa8
866655,sg
866670,9zlds
867357,pag
867688,sg
868101,18y68
868622,19ngg
868887,hra0hs
868891,e8
869067,5m9s
872171,e8
872184,2tc0
872380,35s
874080,sg
875178,3k
875328,18y68
875332,pa8
875334,8vn3eo
875337,8wvyf4
875511,18y68
875581,5m9s
875947,9zlds
876298,35s
876400,35s
876631,16o
877124,360
878219,9zlds
879028,95mlmo
880245,18yyo
880330,e8
880517,3k
881116,3k
881297,pdt
881610,35s
882568,8vn08w
882710,74
882772,74
883007,pa8
883122,35s
883349,35s
884072,e8
884810,pa8
884820,pa8
884822,pag
885150,zik0zk
885623,18y68
887638,35s
887834,18y68
888023,zik0zk
888493,zk
888785,8
889438,zik0zk
889462,9zlds
889613,8vn08w
890290,45c
890385,39c
890719,16o
890721,sg
891379,e8
891971,18y68
891998,e8
892097,zik0zk
892160,pag
892221,74
892929,74
892973,pa8
893659,8
893661,8
893675,3nk
894050,5m9s
894914,pag
895074,9zlekg
895326,74
895334,5mgw
895458,74
895480,74
895905,1kw
895937,35s
897051,8
897423,sg0
897481,18yyo
898119,9zlds
898715,18y68
898721,18y68
898751,74
899163,5m9s
900195,zik1s0
900909,6bk0
901019,3k0
902021,8vn08w
903223,8
903513,8
903611,so
903666,e8
903693,e8
904802,5n28
905184,1kw
905345,18y68
906160,35s
906329,18y68
906774,9zlds
906948,18y68
907813,74
908936,18y68
909737,8
910905,16w
911232,9zlds
911328,3k0
911400,9zlds
911985,8
912078,9
912436,8
912902,e8
913495,eg
914562,e8
914934,3k0
916920,dbgirk
917120,f4
917375,35s
917778,e8
917911,5m9s
918414,eg
918969,e8
919173,eg
919262,18zr4
919515,pog
920308,27wr5s
920585,8
921655,3k0
922462,sg
922563,sg
922693,sg
922769,sg
923177,9zlds
923595,pa8
923759,e8
923831,16o
923832,e8
923838,eg
923945,pa8
924117,pa8
924857,13ygow
925862,5m9s
926135,sg
926301,pa8
926694,pvs
926763,74
926952,3y8
927353,pa8
927768,zk
928323,fc
928592,5m9s
928900,35s
929090,3k
929494,360
929876,27wr2g
929878,1kw
929943,pa8
929994,1
930767,35s
930780,35s
930781,35s
931102,13ydj4
931160,e8
931415,18y68
931567,35s
931838,pa8
931841,3c0r9c
933900,16o
934159,35s
934878,35s
935230,74
935457,74
935480,18y68
936008,zik0zk
936536,35s
936755,35s
936825,zik0zk
936842,sg
936874,sg
936981,pa8
937680,3k
937955,74
937958,74
938146,q9s
938158,zk
939065,9zlds
939290,sg
939964,pog
941418,zik134
941869,191j4
941883,74
942497,13z3ls
942814,35s
943837,7k
944442,8vn08w
944570,35s
945021,8
946883,18ydc
947360,e8
948275,74
948279,phc
948294,3cw
948537,pa8
949111,zik0zk
950091,2dc
950593,3k0
950874,8
951579,pog
952282,18ykg
952439,8
953004,3k
953135,sg
953893,3l
953901,74
955070,hs
955224,5m9s
955253,18ykg
955281,e8
955356,e8
955357,16o
956050,8
956920,sg
957224,13yebk
957241,5m9s
957461,e8
957544,5m9s
957653,18y68
957822,35s
958598,9zlds
958647,8vn0n4
958937,18y68
961022,35s
961087,74
962090,zimu4g
962110,74
962125,74
962555,eg
964087,35s
964426,1kw
964590,18y68
967319,sg
969192,35s
973085,16o
973805,8
974374,8
974894,pa8
974982,18y68
975347,e8
975689,13ye4g
977464,pa8
977465,18y68
977877,e8
978037,1brb4
979410,3t
980576,5mo0
981058,18y68
981194,8
981516,13ydmw
982267,35s
982393,e8
982575,18y68
982855,3k0
983677,5m9s
983702,sg
983977,9zlds
983989,sg
984540,18y68
984869,9zlds
984964,35s
985683,18y68
986288,8vn0n4
986298,sg
987366,5m9s
988247,8vn08w
988710,8vn08w
988862,36o
988987,35s
990148,8
990731,1l4
991268,18ydc
991487,e8
991744,35s
991800,18yyo
992686,16o
993407,8vn08w
993645,35s
996453,35s
996897,sg
997474,8
997827,18y68
997861,pa8
997903,5m9s
1000674,18y68
1000675,pa8
1004301,e8
1004486,e8
1004619,e8
1004708,sg
1004723,35s
1004725,18y68
1004741,9zlds
1004834,eg
1005240,e8
1005575,zk
1005649,sg
1006411,16o
1006448,18y68
1006449,18y6g
1007720,sg
1009031,9zlds
1009440,pa8
1009442,pa8
1009633,35s
1009658,sg
1011131,sg
1011200,e8
1011469,2hwg0
1011738,sg
1011936,so
1012421,9zlds
1012534,5n5s
1013774,74
1015619,8
1015624,18ykg
1016015,eg
1017261,3k
1018259,sug
1018938,74
1019174,8
1020191,e8
1027216,1z4
1028162,18ykg
1029207,zik0zk
1030382,3k
1030739,9zlds
1031774,pa8
1032864,8vn08w
1033005,7c
1033919,8
1033963,zik0zk
1034532,3k
1034853,74
1035048,8
1038512,74
1041316,8
1041532,18y68
1041600,13ydj4
1042873,3k
1042886,sg
1043003,8vn094
1043634,sg
1045123,sg
1045124,sg
1045187,zik0zk
1045344,6bk0
1045547,8vn08w
1045972,18y9s
1047097,e8
1047261,sg
1047860,18y68
1048392,3k
1049151,eg
1050215,18y68
1053147,eg
1053208,e8
1054214,8vn08w
1054839,eg
1055055,8
1057523,18y68
1057820,27wrhc
1057857,8
1058354,35s
1058368,35s
1060087,2dc
1060252,18y68
1060740,sg
1061282,3cw
1061336,74
1061656,74
1063263,8
1063329,zk
1064121,18ydc
1067225,zik0zk
1067904,pa8
1068110,e8
1069512,q2o
1071252,8vn08w
1072017,8wvyf4
1074053,zik0zk
1074584,8vn08w
1075147,pa8
1075589,e8
1076815,74
1077670,pog
1078163,sg
1078326,e8
1078350,5m9s
1082823,zik0zk
1082850,sg
1083070,zik0zk
1083164,35s
1083190,zik0zk
1083965,zik0zk
1084638,pa8
1084714,3k
1086381,8
1086636,18ykg
1089202,e8
1090422,zik0zk
1091353,e8
1097139,e8
1099668,3k
1099726,e8
1100642,8vn08w
1103958,e8
1104114,8vn08w
1105532,5m9s
1105541,8
1105542,8
1107733,sg
1108049,sg
1108145,1z4
1108203,74
1108466,sg
1110406,5mrk
1111663,35s
1111912,e8
1112449,191c0
1112904,8
1114155,pa8
1118495,pa8
1119009,zik0zk
1119447,8
1119453,e8
1124005,zk
1127813,9zlds
1130445,e8
1130514,e8
1131161,3k0
1134251,e8
1138758,18y68
1141560,e8
1141628,8vn11c
1144627,6bk0
1144700,3cw
1145504,qgw
1146029,74
1152154,18y68
1153105,18ykg
1159786,8
1160814,e8
1163778,8
1173926,18y68
1176345,e8
1178758,sh
1183575,e8
1185888,e8
1186563,8
1189049,8vn08w
1190411,3cw
1191444,e8
1193867,sg
1200419,e8
1208182,13ydj4
1219752,zik0zk
1219849,zik0zk
1220143,zik0zk
1233680,8
1263687,8
1275040,e8
1285176,8
1293796,8
1296876,74
1305792,74
1390649,phc
1396595,8wvyf4
